chlorides,residual sugar,quality
0.076,1.9,bad
0.098,2.6,bad
0.092,2.3,bad
0.075,1.9,bad
0.076,1.9,bad
0.075,1.8,bad
0.069,1.6,bad
0.065,1.2,good
0.073,2,good
0.071,6.1,bad
0.097,1.8,bad
0.071,6.1,bad
0.089,1.6,bad
0.114,1.6,bad
0.176,3.8,bad
0.17,3.9,bad
0.092,1.8,good
0.368,1.7,bad
0.086,4.4,bad
0.341,1.8,bad
0.077,1.8,bad
0.082,2.3,bad
0.106,1.6,bad
0.084,2.3,bad
0.085,2.4,bad
0.08,1.4,bad
0.08,1.8,bad
0.106,1.6,bad
0.08,1.9,bad
0.082,2,bad
0.089,2.4,bad
0.105,2.5,bad
0.083,2.3,bad
0.073,10.7,bad
0.103,1.8,bad
0.086,5.5,bad
0.086,2.4,bad
0.066,2.1,good
0.172,1.5,bad
0.074,5.9,bad
0.074,5.9,bad
0.088,2.8,bad
0.332,2.6,bad
0.069,2.2,bad
0.05,1.8,bad
0.054,2.1,bad
0.114,2.2,bad
0.113,1.6,bad
0.066,1.6,bad
0.074,1.4,bad
0.074,1.7,bad
0.069,2.2,bad
0.068,2.1,bad
0.081,3,bad
0.11,2.8,bad
0.084,3.8,bad
0.07,3.4,bad
0.111,5.1,bad
0.076,2.3,bad
0.074,2.4,bad
0.079,2.2,bad
0.115,1.8,bad
0.085,1.9,good
0.081,2,bad
0.086,4.65,bad
0.086,4.65,bad
0.079,1.5,bad
0.076,1.6,bad
0.074,2,bad
0.074,1.9,bad
0.076,1.9,bad
0.088,2.1,bad
0.084,1.9,bad
0.084,2.1,bad
0.094,2.5,bad
0.093,2.2,bad
0.093,2.2,bad
0.104,2.4,bad
0.086,2,bad
0.08,1.5,bad
0.069,1.6,bad
0.464,1.9,bad
0.086,2,bad
0.401,1.8,bad
0.069,1.8,bad
0.076,2.2,bad
0.11,1.9,bad
0.062,1.9,bad
0.107,2.1,bad
0.076,1.8,bad
0.079,1.9,bad
0.11,1.9,bad
0.11,2,bad
0.062,1.9,bad
0.045,1.4,bad
0.058,2.3,bad
0.102,3,bad
0.07,2,bad
0.079,2.5,bad
0.08,1.9,bad
0.084,2.1,bad
0.075,1.9,bad
0.08,1.9,bad
0.077,2.1,bad
0.07,2.2,bad
0.077,2.1,bad
0.467,1.7,bad
0.088,1.7,bad
0.091,2.5,bad
0.122,2,bad
0.104,1.8,bad
0.084,2.2,bad
0.085,2.2,bad
0.08,2.3,bad
0.104,1.8,bad
0.09,2.2,bad
0.077,1.9,bad
0.082,2,bad
0.119,2.2,bad
0.097,1.8,bad
0.178,1.7,bad
0.119,2.2,bad
0.075,2.5,bad
0.08,2.6,bad
0.082,1.6,bad
0.146,1.9,bad
0.081,1.7,bad
0.082,1.8,bad
0.065,1.8,good
0.072,1.8,bad
0.118,2,bad
0.049,2.3,bad
0.049,2.3,bad
0.06,1.5,bad
0.084,2.2,bad
0.09,1.9,bad
0.089,1.8,bad
0.081,2,bad
0.081,2.1,bad
0.081,2,bad
0.09,1.9,bad
0.089,1.8,bad
0.05,1.8,bad
0.066,1.7,bad
0.05,1.8,bad
0.117,1.8,bad
0.087,1.8,bad
0.236,1.6,bad
0.074,2.3,bad
0.089,2.8,bad
0.077,2.1,bad
0.61,3.4,bad
0.095,1.8,bad
0.095,1.8,bad
0.07,5.5,bad
0.071,5.5,bad
0.07,5.5,bad
0.071,5.5,bad
0.073,2.2,bad
0.079,1.9,bad
0.09,2,bad
0.072,1.3,bad
0.076,1.7,bad
0.07,7.3,bad
0.07,7.2,bad
0.1,1.7,bad
0.085,2.1,bad
0.072,1.6,bad
0.089,2.1,bad
0.36,1.8,bad
0.058,1.8,bad
0.073,2,bad
0.073,2,bad
0.068,1.9,bad
0.08,2,bad
0.085,1.5,bad
0.08,2,bad
0.087,2.3,bad
0.068,2.5,bad
0.067,2.4,bad
0.067,2.4,bad
0.27,2,bad
0.076,2.5,bad
0.077,1.8,bad
0.079,1.9,bad
0.111,2,bad
0.082,2,bad
0.084,2.6,bad
0.084,2,bad
0.082,1.9,bad
0.077,2.9,bad
0.074,1.9,bad
0.099,3.8,bad
0.071,2.2,bad
0.071,2.2,bad
0.074,2,bad
0.074,2.4,bad
0.067,2,bad
0.046,1.2,good
0.061,2.1,bad
0.056,1.4,good
0.097,2.1,bad
0.075,1.5,bad
0.088,1.6,bad
0.089,1.6,bad
0.095,2.6,good
0.095,2.6,good
0.069,1.8,bad
0.1,2.7,bad
0.054,2.1,good
0.039,2,bad
0.083,2.8,bad
0.059,2.1,bad
0.06,2.2,bad
0.092,2.4,bad
0.06,5.6,bad
0.101,2,bad
0.072,2.2,bad
0.076,1.9,bad
0.08,2.4,bad
0.082,2,bad
0.101,2,bad
0.057,1.5,bad
0.083,2,bad
0.089,2,bad
0.073,2.6,bad
0.337,2,bad
0.089,2.6,bad
0.073,2.6,bad
0.081,2.6,bad
0.054,1.6,good
0.078,1.8,bad
0.09,2.8,bad
0.081,2.6,bad
0.065,2.3,bad
0.097,1.9,bad
0.097,1.9,bad
0.097,1.9,bad
0.097,1.9,bad
0.065,2.3,bad
0.263,1.7,bad
0.093,2.1,bad
0.102,1.8,bad
0.075,2.2,good
0.075,2.2,good
0.084,2,bad
0.075,1.9,bad
0.072,2.3,bad
0.074,1.7,bad
0.084,2,bad
0.063,1.6,bad
0.074,1.8,bad
0.09,3.1,bad
0.092,1.9,bad
0.074,1.8,bad
0.073,3.2,bad
0.075,2.2,bad
0.075,2.1,bad
0.611,1.8,bad
0.085,2.6,good
0.077,1.7,bad
0.087,2,bad
0.07,1.7,bad
0.077,1.8,bad
0.064,2.4,bad
0.071,1.8,good
0.096,3.3,bad
0.078,3.6,good
0.077,3,bad
0.104,4,bad
0.087,4,bad
0.104,4,bad
0.071,4,bad
0.076,2.4,bad
0.088,7,bad
0.087,4,bad
0.077,3,bad
0.104,4,bad
0.073,6.4,good
0.087,5.6,good
0.071,3.6,bad
0.358,3.5,good
0.067,3,bad
0.087,5.6,good
0.102,3.4,bad
0.102,3.4,bad
0.073,2,bad
0.092,3,bad
0.091,2.5,good
0.105,3.3,bad
0.091,2.5,good
0.343,2,bad
0.091,2.7,bad
0.098,2.4,bad
0.094,3.2,bad
0.073,2.5,bad
0.086,2.6,bad
0.083,2,bad
0.094,2.3,bad
0.08,2.1,bad
0.086,2.6,bad
0.068,1.5,bad
0.092,2.6,bad
0.186,1.6,bad
0.112,2.1,bad
0.063,2.5,bad
0.082,2.2,bad
0.213,2.4,bad
0.214,2.4,bad
0.062,1.7,bad
0.063,2.5,bad
0.072,2,bad
0.093,2.8,bad
0.076,3,bad
0.087,2.6,bad
0.096,2.5,bad
0.102,3.4,bad
0.082,2.9,bad
0.083,3.2,good
0.082,2.9,bad
0.083,3.2,good
0.09,3.4,bad
0.079,2.3,bad
0.09,2.8,bad
0.071,11,bad
0.071,11,bad
0.121,3.65,good
0.107,4.5,bad
0.082,2.6,bad
0.061,2,bad
0.122,2.9,bad
0.122,2.9,bad
0.066,3.2,bad
0.105,2.1,bad
0.078,2.5,good
0.128,3.4,good
0.052,1.9,bad
0.08,2.8,bad
0.103,3,bad
0.082,2.3,good
0.066,2.4,bad
0.065,2.7,bad
0.118,1.8,bad
0.118,1.8,bad
0.082,2.6,bad
0.067,1.9,bad
0.072,2.7,good
0.093,3,bad
0.089,2.8,bad
0.093,2.6,bad
0.107,2.7,bad
0.096,2.6,bad
0.09,2.4,bad
0.12,4.8,bad
0.066,1.4,bad
0.078,2.4,bad
0.08,3,bad
0.116,2.95,good
0.109,3.1,good
0.088,2.6,bad
0.099,2,bad
0.086,2.6,bad
0.072,2.5,bad
0.071,2,bad
0.083,5.8,good
0.107,3.4,bad
0.083,5.8,good
0.076,2.6,bad
0.159,2.8,bad
0.074,2.4,good
0.063,2.3,bad
0.056,1.6,bad
0.067,1.8,bad
0.106,2.2,bad
0.089,3.8,bad
0.124,4.4,good
0.078,3,bad
0.074,2.4,good
0.088,6.2,bad
0.094,2.5,bad
0.08,2,bad
0.085,2.9,bad
0.08,2,bad
0.08,2,bad
0.087,2.1,bad
0.09,2.4,bad
0.088,2,bad
0.079,1.9,bad
0.088,1.9,bad
0.096,2.5,good
0.045,1.4,good
0.085,2.9,bad
0.082,2,bad
0.112,2,bad
0.063,2.3,bad
0.066,4.2,good
0.122,7.9,bad
0.087,2.6,bad
0.087,2.6,bad
0.064,2.3,bad
0.122,7.9,bad
0.059,1.7,bad
0.085,2.6,bad
0.085,2.7,bad
0.075,2.7,bad
0.059,1.4,bad
0.063,2.5,bad
0.093,3,good
0.174,3.7,bad
0.07,4.5,bad
0.08,2.5,bad
0.08,2.4,bad
0.1,1.9,bad
0.097,6.7,good
0.087,2.7,bad
0.117,6.6,bad
0.111,2.2,bad
0.091,1.9,bad
0.121,2,bad
0.066,1.8,bad
0.089,2.4,good
0.059,2.3,good
0.047,2,bad
0.066,2.1,good
0.047,2,bad
0.059,2.3,good
0.045,2.1,bad
0.077,1.9,bad
0.07,1.3,bad
0.088,2.4,bad
0.066,2.1,good
0.074,2.2,bad
0.078,2.3,bad
0.091,2.3,bad
0.076,3.2,bad
0.091,2.3,bad
0.06,2,bad
0.066,3.2,bad
0.076,3.2,bad
0.062,1.5,bad
0.072,2.2,good
0.068,2.15,bad
0.1,3.7,good
0.077,2.7,good
0.054,1.7,good
0.079,2.1,bad
0.081,2.6,bad
0.127,2.1,bad
0.1,2,bad
0.095,2.8,bad
0.095,2.8,bad
0.413,1.8,bad
0.084,1.7,bad
0.084,2.8,good
0.063,1.6,bad
0.086,5.2,good
0.095,2.3,bad
0.097,2.7,bad
0.084,2.8,good
0.074,2.2,bad
0.083,2.3,bad
0.087,2.6,bad
0.085,2.55,bad
0.098,2.2,bad
0.084,2.1,bad
0.098,2.9,bad
0.069,2,bad
0.065,2.6,bad
0.09,2.1,bad
0.07,1.2,bad
0.093,2.6,bad
0.081,2.4,bad
0.083,2.6,bad
0.062,2.1,bad
0.08,1.7,bad
0.087,2.2,bad
0.091,2,bad
0.075,1.8,bad
0.087,2.2,bad
0.077,2.7,bad
0.069,15.5,bad
0.08,2.8,good
0.152,2.2,bad
0.152,2.2,bad
0.114,4.1,bad
0.054,1.9,bad
0.054,1.9,bad
0.053,1.8,bad
0.081,2.8,good
0.073,2.6,bad
0.078,2.8,bad
0.055,2.5,good
0.052,2.6,good
0.086,3,bad
0.051,8.3,bad
0.07,2.6,good
0.081,1.9,bad
0.09,2.5,bad
0.07,2.6,good
0.086,3,bad
0.081,1.9,bad
0.074,6.55,good
0.074,6.55,good
0.078,1.9,good
0.077,1.8,good
0.072,2.9,good
0.075,1.8,good
0.084,2.3,bad
0.09,2.2,bad
0.084,2.8,good
0.073,4.6,bad
0.09,2.2,bad
0.125,2.1,bad
0.107,2.4,good
0.107,2.4,good
0.122,6.1,bad
0.1,4.3,bad
0.2,2.1,bad
0.088,2.8,bad
0.088,2.5,bad
0.088,2.7,bad
0.088,2,bad
0.099,2.3,bad
0.085,2.5,bad
0.086,2.4,bad
0.105,2.8,bad
0.088,2.5,bad
0.097,2.5,bad
0.084,2.6,bad
0.077,2.4,bad
0.078,2.1,bad
0.098,2.7,bad
0.098,2.7,bad
0.072,2.1,bad
0.102,2.7,bad
0.078,2.1,bad
0.077,2.4,bad
0.084,2.1,bad
0.066,5.8,good
0.1,5.15,bad
0.101,3.3,bad
0.064,6.3,bad
0.07,2.1,bad
0.085,2.5,bad
0.075,1.8,bad
0.094,2.6,bad
0.078,2,bad
0.067,2.5,bad
0.079,2.6,bad
0.171,1.9,bad
0.074,2.1,bad
0.092,2.8,bad
0.092,2.7,bad
0.05,1.6,bad
0.095,4.2,bad
0.095,4.2,bad
0.118,4.6,bad
0.095,4.2,bad
0.118,4.6,bad
0.085,4.3,bad
0.075,2.8,bad
0.078,2.4,bad
0.094,2.9,bad
0.092,2.7,bad
0.085,4.3,bad
0.075,2.8,bad
0.226,2.5,bad
0.226,2.5,bad
0.25,2.6,bad
0.095,2.2,bad
0.07,3.3,bad
0.095,2.2,bad
0.075,2.4,bad
0.07,2.1,bad
0.078,3.2,bad
0.079,3.1,bad
0.103,2.3,bad
0.083,2.8,bad
0.085,2.9,bad
0.063,2.2,bad
0.089,2.2,bad
0.089,2.2,bad
0.083,2.2,bad
0.074,1.9,good
0.093,3.4,good
0.091,2.4,bad
0.094,2.7,good
0.108,1.9,bad
0.06,2,good
0.059,2.6,good
0.084,2.6,bad
0.07,1.7,bad
0.084,2.6,bad
0.094,3.5,bad
0.096,2.6,bad
0.086,7.9,bad
0.059,2,bad
0.071,1.9,bad
0.078,2.1,bad
0.082,2.3,bad
0.088,2.1,bad
0.071,2.2,bad
0.081,2.6,bad
0.071,2.2,bad
0.096,2.9,bad
0.085,2.6,bad
0.072,4.6,good
0.092,3.3,bad
0.11,5.1,bad
0.075,3.2,bad
0.083,2.5,bad
0.081,2.7,bad
0.077,2.4,bad
0.058,1.5,bad
0.148,2.2,bad
0.079,2.3,bad
0.079,2.3,bad
0.079,2.2,bad
0.122,2.7,bad
0.088,2.3,bad
0.076,3.4,bad
0.078,3.4,bad
0.08,1.9,bad
0.077,2.9,bad
0.124,5.6,bad
0.124,5.6,bad
0.098,2.2,bad
0.098,2.2,bad
0.097,2.5,bad
0.111,2.3,bad
0.097,2.5,bad
0.105,2.7,bad
0.087,3,bad
0.105,3.4,bad
0.073,1.9,bad
0.065,1.4,bad
0.086,2.4,bad
0.084,2.3,bad
0.143,2.2,good
0.067,1.9,bad
0.071,2.3,bad
0.071,2.3,bad
0.071,2.3,bad
0.071,2.3,bad
0.071,2.3,bad
0.115,6,good
0.107,3.6,bad
0.07,2.2,bad
0.066,2.8,good
0.068,8.6,bad
0.106,2.2,bad
0.104,2.5,bad
0.096,7.5,bad
0.079,2.8,bad
0.074,2.4,bad
0.087,2.9,bad
0.106,2.2,bad
0.073,1.4,good
0.074,1.4,bad
0.096,4.4,bad
0.074,1.4,bad
0.08,1.6,bad
0.076,1.6,bad
0.05,1.8,bad
0.092,2,bad
0.084,2,bad
0.222,1.8,bad
0.082,2,bad
0.059,2.3,bad
0.082,2,bad
0.083,2.5,bad
0.074,1.7,bad
0.079,2,bad
0.074,1.7,bad
0.084,2.2,bad
0.064,2.2,bad
0.084,2.2,bad
0.084,2.3,bad
0.081,2.6,bad
0.06,3.3,bad
0.07,1.9,bad
0.094,2.2,bad
0.078,2.25,bad
0.059,2.6,bad
0.078,2.3,bad
0.059,2.6,bad
0.07,1.8,bad
0.095,3.1,bad
0.039,1.6,bad
0.157,1.8,bad
0.097,4.25,bad
0.087,2.6,bad
0.422,2,bad
0.084,2.8,bad
0.084,2.7,bad
0.034,1.3,bad
0.066,2.1,bad
0.066,2.1,bad
0.087,3.2,bad
0.071,2.1,bad
0.076,2.9,bad
0.066,2.1,bad
0.067,2.1,bad
0.073,2.6,bad
0.078,1.6,bad
0.073,6,bad
0.093,2,bad
0.077,3,bad
0.068,2.5,bad
0.062,1.6,bad
0.08,2.8,bad
0.093,3,bad
0.084,3.2,bad
0.075,2.3,bad
0.078,2.6,bad
0.069,2.7,bad
0.075,2.3,bad
0.079,2.6,bad
0.082,2,bad
0.086,3.9,bad
0.082,2,bad
0.094,2.85,bad
0.084,2.7,bad
0.053,2.2,bad
0.086,3.1,bad
0.077,3,bad
0.084,2.8,bad
0.067,1.8,bad
0.067,1.8,bad
0.071,3.2,bad
0.387,2.3,bad
0.088,3.45,bad
0.092,2.1,bad
0.082,2.7,bad
0.075,2,bad
0.112,2.1,bad
0.112,2.1,bad
0.093,2.5,bad
0.092,2.8,bad
0.088,2.4,bad
0.075,4.2,bad
0.078,2.6,bad
0.065,1.9,bad
0.096,2.8,bad
0.095,2.7,bad
0.07,2.1,bad
0.08,2.5,bad
0.083,2.6,bad
0.071,2.1,bad
0.07,2.1,bad
0.089,2.9,bad
0.089,2.9,bad
0.097,2.5,bad
0.089,2.9,bad
0.415,1.7,bad
0.058,1.9,bad
0.057,2,bad
0.084,2.2,bad
0.084,2.2,bad
0.092,2.5,bad
0.075,2.8,bad
0.096,2,bad
0.069,1.7,bad
0.096,2,bad
0.093,2.8,bad
0.091,3,bad
0.089,2.9,bad
0.103,2.7,bad
0.082,2.3,bad
0.076,1.9,bad
0.082,2.3,bad
0.082,2.4,bad
0.082,2.3,bad
0.157,1.8,bad
0.157,1.8,bad
0.102,3,bad
0.243,2.4,bad
0.241,2.4,bad
0.079,3.4,bad
0.076,2.6,bad
0.19,2,bad
0.114,2.4,bad
0.081,2.4,bad
0.114,2.4,bad
0.077,2.5,bad
0.083,2.3,bad
0.083,2.3,bad
0.079,2.2,bad
0.079,2.2,bad
0.099,2.9,bad
0.082,2.6,bad
0.084,2.9,bad
0.081,2.5,bad
0.055,2.6,bad
0.065,2.3,bad
0.132,2.6,bad
0.126,2.5,bad
0.038,1.6,good
0.082,3.6,bad
0.082,3.6,bad
0.082,4,bad
0.068,3.3,bad
0.044,1.7,good
0.114,2.5,bad
0.084,2.7,bad
0.052,2.4,good
0.041,2,good
0.052,2.4,good
0.165,1.9,bad
0.07,2.8,bad
0.068,2.6,bad
0.072,2.8,bad
0.099,2.5,bad
0.102,2.1,bad
0.103,2.8,bad
0.099,2.5,bad
0.081,3.2,bad
0.084,1.6,bad
0.071,2.35,bad
0.097,3.2,bad
0.099,1.9,bad
0.048,2.1,good
0.076,2,bad
0.076,2,bad
0.068,2.8,bad
0.076,2.8,bad
0.05,2.3,good
0.076,2.8,bad
0.065,2.3,good
0.071,2.1,bad
0.058,2.5,bad
0.071,2.1,bad
0.145,1.5,bad
0.147,1.6,bad
0.088,1.6,bad
0.066,1.5,bad
0.012,2.4,good
0.012,2.4,good
0.075,1.6,good
0.092,2.2,bad
0.085,2.65,good
0.115,3,bad
0.119,2.6,bad
0.088,2,bad
0.062,1.7,bad
0.081,1.8,bad
0.081,1.8,bad
0.078,1.8,bad
0.081,1.8,bad
0.08,1.6,bad
0.085,1.9,bad
0.085,1.9,bad
0.08,2.5,bad
0.08,1.5,bad
0.08,1.5,bad
0.071,2.5,good
0.08,1.5,bad
0.073,2.5,good
0.054,1.7,good
0.074,1.8,bad
0.077,2.7,bad
0.039,2,bad
0.067,2.7,bad
0.078,2.5,bad
0.077,2.7,bad
0.077,2.6,bad
0.071,2.3,bad
0.072,2,bad
0.074,1.8,bad
0.08,2,bad
0.064,2.1,bad
0.086,1.5,bad
0.067,2,bad
0.067,1.6,good
0.104,2.1,good
0.109,2.8,good
0.067,2.2,bad
0.064,2.1,bad
0.094,4,bad
0.076,2.5,bad
0.078,1.6,bad
0.068,2.1,bad
0.194,3.1,bad
0.076,2.5,bad
0.094,4,bad
0.086,2.5,bad
0.083,2.4,bad
0.066,2.6,good
0.072,2.5,bad
0.112,6.6,bad
0.071,2,bad
0.078,2.3,bad
0.082,1.9,bad
0.078,2.3,bad
0.08,2.2,bad
0.08,2.3,bad
0.078,2.4,good
0.08,2.3,bad
0.078,2.4,good
0.084,3.4,bad
0.056,2.6,bad
0.08,2.4,good
0.08,2.4,good
0.06,6,good
0.06,6,good
0.081,3,bad
0.084,2.6,bad
0.079,2.2,bad
0.078,2.4,bad
0.059,1.2,bad
0.132,3.8,bad
0.114,9,bad
0.065,2.9,bad
0.094,4.6,good
0.059,1.2,bad
0.079,2.2,bad
0.161,1.5,bad
0.084,8.8,bad
0.081,2.2,bad
0.072,1.8,bad
0.091,2.3,bad
0.081,2.2,bad
0.072,1.8,bad
0.084,8.8,bad
0.055,2.3,bad
0.064,1.9,good
0.061,2.3,bad
0.093,2.2,bad
0.055,2.3,bad
0.063,3.3,good
0.08,1.9,bad
0.074,2,bad
0.078,1.9,bad
0.074,2,bad
0.08,1.9,bad
0.06,2.3,bad
0.06,2.3,bad
0.071,1.4,bad
0.068,2.8,good
0.073,1.6,bad
0.074,2.2,good
0.082,5,good
0.092,2.6,good
0.094,2.3,good
0.09,3.8,good
0.071,2,good
0.092,4.1,good
0.093,2.1,good
0.075,1.8,good
0.075,1.8,good
0.075,1.8,good
0.093,2.1,good
0.058,2.2,good
0.052,2.1,good
0.082,2.7,bad
0.09,1.9,bad
0.111,2.1,bad
0.088,2,bad
0.12,2.3,good
0.089,2,bad
0.058,1.9,bad
0.078,1.6,bad
0.115,2.1,bad
0.1,2,bad
0.058,1.9,bad
0.065,2.4,bad
0.103,2.4,good
0.097,2.1,bad
0.068,2.4,bad
0.079,2.9,bad
0.066,1.9,bad
0.066,1.9,bad
0.104,2.4,good
0.079,1.7,bad
0.073,5.9,good
0.083,2.1,bad
0.083,2.1,bad
0.109,2.6,bad
0.061,3.6,good
0.075,1.4,bad
0.065,1.9,bad
0.079,1.9,bad
0.07,2.1,bad
0.065,1.9,bad
0.075,1.4,bad
0.064,2,bad
0.066,1.4,good
0.08,1.6,bad
0.097,1.7,bad
0.073,1.5,bad
0.097,1.7,bad
0.082,2,bad
0.076,2,bad
0.082,2,bad
0.092,2.5,bad
0.079,2,bad
0.087,2.2,good
0.087,2.2,good
0.05,1.4,bad
0.055,1.65,bad
0.062,2.2,good
0.058,1.5,good
0.063,2.05,good
0.067,1.8,good
0.081,1.6,bad
0.067,1.8,good
0.063,2.05,good
0.064,2,good
0.11,3.6,good
0.116,2.8,bad
0.067,1.7,good
0.088,2,bad
0.102,2.1,bad
0.092,1.6,bad
0.12,2,bad
0.075,2.2,bad
0.068,2.2,good
0.049,0.9,bad
0.049,0.9,bad
0.078,1.8,bad
0.123,2.4,bad
0.123,2.4,bad
0.062,2.1,bad
0.098,2.3,bad
0.088,1.8,good
0.095,2.8,bad
0.066,1.9,bad
0.065,2.2,bad
0.075,2.5,bad
0.088,1.8,good
0.091,2.1,good
0.093,1.8,good
0.095,4.1,bad
0.089,2.6,bad
0.077,2.5,bad
0.085,2.4,good
0.082,2.5,good
0.074,1.8,bad
0.078,6.2,good
0.088,2.2,bad
0.088,2.2,bad
0.079,1.7,bad
0.088,2.2,bad
0.069,8.9,good
0.046,3.3,bad
0.07,1.4,bad
0.076,1.7,bad
0.082,1.8,bad
0.081,1.7,bad
0.084,1.8,bad
0.082,1.8,bad
0.414,1.4,bad
0.073,2.4,bad
0.07,2.3,good
0.095,2,bad
0.095,2,bad
0.101,4,good
0.104,3.9,bad
0.093,2.4,good
0.101,4,good
0.074,1.8,bad
0.071,1.8,good
0.098,1.9,bad
0.075,2.4,bad
0.067,2,bad
0.083,2.4,bad
0.07,2.4,good
0.06,2.2,good
0.06,2.2,good
0.086,2.8,bad
0.057,1.5,good
0.098,8.1,bad
0.083,1.8,bad
0.088,2.7,bad
0.098,8.1,bad
0.071,2,good
0.073,2,bad
0.08,6.4,bad
0.08,6.4,bad
0.05,8.3,good
0.047,1.4,bad
0.05,8.3,good
0.073,1.8,bad
0.072,2.4,bad
0.073,1.8,bad
0.074,1.8,bad
0.055,4.7,good
0.057,1.6,bad
0.095,1.5,good
0.095,1.5,good
0.083,1.9,good
0.086,2,bad
0.081,2,bad
0.079,2.2,good
0.117,5.5,bad
0.087,2.5,bad
0.117,5.5,bad
0.096,1.5,bad
0.216,2.1,good
0.096,1.5,bad
0.072,2.1,bad
0.071,2.1,bad
0.078,1.7,bad
0.071,2.1,bad
0.073,2.2,bad
0.048,2.1,bad
0.069,1.9,bad
0.068,2,good
0.09,3.3,bad
0.171,2.1,bad
0.07,1.4,bad
0.092,2,good
0.056,1.5,bad
0.074,1.6,bad
0.046,4.3,bad
0.091,2.5,bad
0.091,2.5,bad
0.091,2.5,bad
0.065,2.1,bad
0.066,2.5,bad
0.076,2.5,good
0.062,1.8,bad
0.055,1.4,bad
0.081,1.9,bad
0.096,2.2,bad
0.055,1.7,good
0.063,1.7,bad
0.072,2.9,bad
0.095,2.7,bad
0.092,3.3,bad
0.058,1.9,bad
0.045,1.7,bad
0.075,1.8,good
0.089,5.5,good
0.061,1.7,good
0.067,1.7,bad
0.08,2,bad
0.08,2,bad
0.104,3.7,bad
0.079,2,bad
0.08,1.7,bad
0.08,2.5,bad
0.043,2.4,bad
0.065,1.8,bad
0.066,2.3,bad
0.076,2.5,bad
0.178,1.8,bad
0.071,6.2,good
0.086,2,bad
0.061,2,bad
0.067,2.8,good
0.044,2.5,bad
0.118,2.2,bad
0.083,2.1,bad
0.1,2.2,bad
0.118,2.2,bad
0.071,1.75,good
0.042,2.1,good
0.076,2.8,bad
0.11,2.2,bad
0.087,2.3,good
0.076,1.4,bad
0.075,2.3,good
0.078,1.7,bad
0.078,1.7,bad
0.369,1.9,bad
0.111,2,bad
0.074,2.5,good
0.067,2.8,bad
0.086,2.3,bad
0.062,1.6,bad
0.078,2.2,bad
0.074,2.1,bad
0.079,1.7,bad
0.079,1.7,bad
0.095,2.2,bad
0.079,5.6,bad
0.052,2.4,good
0.041,2.1,bad
0.076,2.4,bad
0.076,2.4,bad
0.068,1.65,bad
0.068,2.5,bad
0.07,1.6,bad
0.08,2.1,bad
0.085,2,bad
0.079,7.8,bad
0.085,2,bad
0.08,2.1,bad
0.075,1.8,bad
0.08,4.6,bad
0.166,2.3,bad
0.063,2.5,good
0.166,2.3,bad
0.114,1.8,bad
0.078,1.8,bad
0.076,2.3,bad
0.069,1.5,bad
0.052,2,bad
0.076,2.3,bad
0.069,1.5,bad
0.065,1.9,good
0.068,1.8,good
0.111,5.8,bad
0.074,2.1,good
0.074,2.1,good
0.074,2.1,good
0.136,1.7,bad
0.074,2.1,good
0.071,2,good
0.078,2.1,bad
0.076,2.1,bad
0.078,2.1,bad
0.071,1.9,bad
0.081,1.9,bad
0.095,2.1,bad
0.079,2,bad
0.057,1.9,bad
0.082,1.9,bad
0.044,1.3,bad
0.132,1.8,bad
0.132,1.8,bad
0.078,2.2,bad
0.074,2.2,bad
0.08,2.5,bad
0.091,2.6,bad
0.08,4.1,bad
0.104,2,bad
0.044,1.8,good
0.075,2.1,bad
0.066,2.7,bad
0.074,2.6,bad
0.075,2.1,bad
0.057,2.2,bad
0.059,2.2,bad
0.054,12.9,bad
0.07,1.7,bad
0.059,2.2,bad
0.081,2.5,bad
0.057,4.3,bad
0.076,1.7,bad
0.079,2.5,bad
0.058,2,bad
0.082,2.4,bad
0.067,13.4,bad
0.082,1.8,bad
0.086,1.7,bad
0.082,1.8,bad
0.081,2.2,bad
0.079,2.3,bad
0.079,2.3,bad
0.077,2.2,bad
0.123,1.8,bad
0.096,1.4,bad
0.079,1.9,bad
0.069,2.4,bad
0.082,1.8,bad
0.085,4.8,bad
0.123,2.7,bad
0.123,2.7,bad
0.403,1.8,bad
0.083,2,bad
0.081,2.5,bad
0.089,2.2,bad
0.066,1.8,bad
0.081,2.3,bad
0.081,2.3,bad
0.068,2.3,bad
0.079,2,bad
0.044,1.8,good
0.048,1.6,bad
0.049,1.6,bad
0.077,1.9,bad
0.073,2,bad
0.102,2.1,bad
0.075,2.3,bad
0.05,6.3,bad
0.114,1.9,bad
0.075,2.3,bad
0.062,1.7,good
0.077,1.9,bad
0.077,1.9,bad
0.084,2,bad
0.096,2.7,bad
0.071,2.3,bad
0.09,1.8,bad
0.068,2.5,bad
0.056,2.6,bad
0.068,4.5,bad
0.068,4.5,bad
0.1,1.9,bad
0.073,2.1,bad
0.056,2.4,bad
0.084,1.9,bad
0.073,2.1,bad
0.093,4.3,bad
0.093,4.3,bad
0.064,2.1,bad
0.063,1.4,bad
0.137,2.1,bad
0.08,2.15,bad
0.1,2,bad
0.064,2.1,bad
0.081,1.8,bad
0.087,2.3,bad
0.073,1.9,bad
0.088,2.5,bad
0.068,3.9,bad
0.088,2.5,bad
0.071,1.4,bad
0.073,1.9,bad
0.064,3,bad
0.083,1.9,bad
0.086,2.3,bad
0.086,2.4,bad
0.083,2,bad
0.041,1.2,bad
0.091,2.2,bad
0.083,2,bad
0.414,1.7,bad
0.094,2.6,bad
0.041,1.2,bad
0.058,1.8,bad
0.06,1.8,good
0.077,1.7,bad
0.077,1.7,bad
0.077,1.7,bad
0.077,1.7,bad
0.073,1.8,bad
0.083,2.1,bad
0.083,2.1,bad
0.107,3.8,bad
0.075,1.7,bad
0.079,2.2,bad
0.166,2,bad
0.069,2.4,bad
0.057,1.4,bad
0.057,1.4,bad
0.057,1.4,bad
0.084,1.7,bad
0.084,1.7,bad
0.084,1.7,bad
0.085,1.7,bad
0.084,1.7,bad
0.077,2.6,bad
0.063,2.3,bad
0.056,2.1,bad
0.078,1.8,bad
0.078,1.8,bad
0.081,2.8,bad
0.069,2,bad
0.065,2.3,bad
0.086,1.9,bad
0.086,1.9,bad
0.077,2.3,bad
0.086,1.8,bad
0.084,1.8,bad
0.078,2.5,bad
0.168,5.4,bad
0.091,1.4,bad
0.112,2.3,bad
0.093,2.5,bad
0.091,1.4,bad
0.08,2,bad
0.096,1.9,bad
0.115,2.2,bad
0.094,1.7,bad
0.088,2.2,bad
0.079,2.1,bad
0.069,1.6,bad
0.415,1.7,bad
0.153,3.1,bad
0.415,1.7,bad
0.11,3.8,bad
0.267,1.2,bad
0.083,2,bad
0.086,1.4,bad
0.09,2.3,bad
0.078,2,bad
0.077,2.6,bad
0.077,2.6,bad
0.074,1.8,bad
0.08,2.1,bad
0.08,2.1,bad
0.107,1.8,bad
0.076,3.4,bad
0.1,1.8,bad
0.1,1.8,bad
0.083,6.1,bad
0.08,2.2,bad
0.068,2.3,bad
0.094,2.4,bad
0.07,1.3,bad
0.078,2,bad
0.07,3.9,bad
0.092,1.6,bad
0.09,1.6,bad
0.08,2,bad
0.083,2.2,good
0.068,2.2,bad
0.08,2.1,bad
0.08,2.1,bad
0.052,2,bad
0.061,1.7,good
0.082,2.6,bad
0.062,2,good
0.062,5.1,bad
0.064,2.1,bad
0.048,2.2,good
0.064,2.1,bad
0.082,1.8,bad
0.071,2.4,bad
0.062,5.1,bad
0.104,2,bad
0.077,2.2,bad
0.065,1.6,bad
0.077,2.2,bad
0.064,2.5,good
0.077,1.6,bad
0.077,2.2,bad
0.077,1.6,bad
0.079,1.6,bad
0.079,2.1,bad
0.123,3.9,bad
0.076,1.4,bad
0.076,1.4,bad
0.046,1.8,bad
0.078,2.5,bad
0.072,1.9,bad
0.049,2.2,bad
0.066,1.8,bad
0.069,2.1,bad
0.042,1.6,bad
0.069,1.8,good
0.214,15.4,bad
0.214,15.4,bad
0.169,1.6,bad
0.07,4.8,bad
0.052,1.7,bad
0.072,2.2,bad
0.062,2,good
0.094,5.2,bad
0.078,1.9,bad
0.058,1.75,bad
0.072,2.2,bad
0.094,5.2,bad
0.078,1.9,bad
0.08,1.9,bad
0.08,1.9,bad
0.056,2,good
0.062,2,good
0.104,2.7,good
0.062,2,good
0.074,1.9,bad
0.073,2.2,bad
0.052,1.6,bad
0.05,1.8,bad
0.074,1.9,bad
0.067,1.7,bad
0.054,1.7,good
0.054,2.3,bad
0.06,2.1,bad
0.075,2.3,bad
0.076,2.4,bad
0.063,1.7,bad
0.063,1.7,bad
0.062,2.1,good
0.067,2.3,bad
0.062,2.1,good
0.061,2.1,bad
0.084,1.4,bad
0.067,3.75,bad
0.073,2.6,bad
0.071,1.8,bad
0.205,13.8,bad
0.048,2.2,good
0.205,13.8,bad
0.048,2.2,good
0.082,5.7,bad
0.104,3,bad
0.08,1.5,bad
0.104,3,bad
0.114,2.1,bad
0.042,1.5,bad
0.06,2,bad
0.074,2.1,bad
0.07,2.1,bad
0.066,1.9,bad
0.049,1.7,bad
0.048,2.1,bad
0.039,1.8,bad
0.049,1.7,bad
0.05,1.6,bad
0.089,1.9,bad
0.066,1.4,good
0.08,1.9,bad
0.089,1.9,bad
0.054,2.3,bad
0.068,2.3,bad
0.054,2.3,bad
0.076,1.5,bad
0.083,4.3,bad
0.078,2.4,bad
0.077,2.5,bad
0.106,2.3,bad
0.078,1.8,bad
0.07,2,bad
0.106,2.3,bad
0.074,2.1,bad
0.062,1.8,bad
0.047,2.2,bad
0.068,2.1,bad
0.061,2.2,bad
0.078,1.8,bad
0.074,4.1,bad
0.074,4.1,bad
0.071,2.3,bad
0.063,2,bad
0.114,2.2,bad
0.106,2.6,bad
0.063,2,bad
0.082,1.9,bad
0.071,2.3,bad
0.076,2,bad
0.075,2,bad
0.064,2.1,bad
0.064,2.2,bad
0.071,1.7,bad
0.096,2.2,bad
0.063,2.1,bad
0.063,2.2,bad
0.081,2.8,bad
0.058,2,bad
0.074,1.9,bad
0.064,2.4,good
0.075,2.2,bad
0.077,1.9,bad
0.059,1.9,bad
0.081,2.5,bad
0.065,1.8,bad
0.071,4.4,bad
0.054,2.2,good
0.064,1.9,bad
0.064,2.2,bad
0.063,2.3,good
0.059,1.8,bad
0.072,2,bad
0.048,1.6,bad
0.099,2,bad
0.074,1.8,good
0.087,2.3,bad
0.083,2.3,bad
0.103,3.7,bad
0.08,2.2,bad
0.062,2.4,bad
0.065,1.7,good
0.066,2.2,bad
0.062,2.4,bad
0.235,6.7,bad
0.08,2,bad
0.08,2,bad
0.08,2,bad
0.076,2,bad
0.076,2,bad
0.076,2,bad
0.061,1.9,bad
0.059,2.1,bad
0.076,2,bad
0.077,1.6,bad
0.056,1.9,bad
0.23,2.2,bad
0.038,2.2,bad
0.069,2.2,bad
0.075,2.4,bad
0.074,13.9,bad
0.06,2.2,bad
0.081,1.6,bad
0.076,5.1,bad
0.118,1.8,bad
0.053,1.7,bad
0.068,2.4,bad
0.053,1.7,bad
0.053,2.6,bad
0.074,2.1,bad
0.061,2.4,good
0.066,2.6,bad
0.065,2.4,bad
0.066,1.8,bad
0.068,2.5,bad
0.073,7.8,bad
0.077,1.8,bad
0.089,1.7,bad
0.076,2.3,bad
0.068,1.9,bad
0.09,2,bad
0.062,2.2,bad
0.076,2.3,bad
0.075,2,bad
0.067,3.6,bad
0.045,20.7,bad
0.049,1.6,bad
0.05,6.9,bad
0.058,8.5,bad
0.058,8.5,bad
0.05,6.9,bad
0.045,7,bad
0.045,20.7,bad
0.049,1.6,bad
0.044,1.5,bad
0.033,1.45,bad
0.035,4.2,bad
0.04,1.2,bad
0.044,1.5,good
0.04,19.25,bad
0.032,1.5,good
0.046,1.1,bad
0.029,1.2,good
0.033,1.1,bad
0.044,7.5,bad
0.029,1.2,good
0.038,2.9,good
0.049,1.7,good
0.074,1.5,bad
0.052,1.3,bad
0.046,9,bad
0.052,1,bad
0.051,8.7,bad
0.047,1.1,bad
0.033,2,good
0.044,10.4,bad
0.042,1.1,bad
0.05,2.05,bad
0.045,1.5,bad
0.044,14.95,bad
0.08,1.7,bad
0.051,5.4,bad
0.053,1.2,bad
0.057,17.95,bad
0.057,17.95,bad
0.172,2.5,bad
0.173,2.9,bad
0.069,7.4,bad
0.057,1.4,bad
0.06,1.4,bad
0.058,1.4,good
0.063,4.4,bad
0.066,4.4,bad
0.069,7.4,bad
0.067,5,bad
0.062,1.6,bad
0.068,1.1,good
0.057,1.1,good
0.045,1,bad
0.147,0.9,bad
0.039,1.3,bad
0.043,11.9,bad
0.048,12.4,bad
0.044,4.6,bad
0.038,1.2,bad
0.092,4.9,bad
0.048,12.4,bad
0.035,1.1,bad
0.044,4.6,bad
0.038,1.4,bad
0.064,1.2,bad
0.04,6.4,good
0.041,1.2,bad
0.046,2.1,good
0.05,10.1,bad
0.056,7.8,bad
0.061,4.6,bad
0.063,4.8,bad
0.054,1,bad
0.046,2.1,good
0.05,10.1,bad
0.043,1.4,good
0.042,1.3,good
0.064,8.8,bad
0.06,5.4,bad
0.053,1.4,bad
0.05,16,bad
0.063,6.1,bad
0.047,8.2,bad
0.045,11.8,bad
0.044,11.8,bad
0.044,11,bad
0.05,13.3,bad
0.045,11.8,bad
0.044,11.8,bad
0.044,11,bad
0.049,7.5,bad
0.035,1.7,good
0.034,1.8,good
0.04,1.7,good
0.044,12.4,bad
0.046,15.9,bad
0.034,1.2,good
0.038,10.5,bad
0.046,15.9,bad
0.06,13.5,bad
0.054,9.6,bad
0.05,12.1,bad
0.059,18.9,bad
0.06,13.5,bad
0.051,14.4,bad
0.054,9.6,bad
0.04,16.5,bad
0.04,16.5,bad
0.051,1.3,bad
0.082,8.5,bad
0.052,18.75,bad
0.056,13.3,bad
0.049,9.2,bad
0.049,9.2,bad
0.065,1.5,bad
0.041,3.3,bad
0.035,1.7,bad
0.056,13.3,bad
0.06,13.3,bad
0.046,5.7,bad
0.054,12.2,bad
0.059,6.85,bad
0.058,5,bad
0.092,1.6,bad
0.026,1.1,bad
0.033,7,bad
0.038,7.6,good
0.044,2.8,good
0.046,2.7,bad
0.02,10.4,bad
0.038,7.6,good
0.038,13.1,bad
0.035,15.8,bad
0.034,8.1,bad
0.036,15.7,bad
0.027,1.2,bad
0.045,10.5,bad
0.035,1.9,good
0.029,1.9,bad
0.045,2.2,bad
0.045,10.5,bad
0.039,1.2,bad
0.036,4.3,bad
0.037,2,bad
0.04,1.1,bad
0.044,1.4,bad
0.058,5.2,bad
0.034,4.6,good
0.054,4.1,bad
0.043,8,good
0.055,10.2,bad
0.054,4.1,bad
0.048,1.2,bad
0.049,7.5,bad
0.066,14,bad
0.066,14,bad
0.036,1.5,good
0.036,1.4,good
0.036,1.4,good
0.036,1.5,good
0.055,14.5,bad
0.049,4.8,bad
0.066,14,bad
0.05,13.1,bad
0.051,13,bad
0.048,8.7,bad
0.034,2.4,good
0.055,8.95,bad
0.034,9.85,bad
0.066,1.5,bad
0.045,1.5,bad
0.037,0.8,bad
0.038,4.55,good
0.051,17.7,bad
0.04,7.5,bad
0.044,5.1,bad
0.054,12.9,bad
0.06,1.2,bad
0.049,5.5,bad
0.048,5.5,bad
0.053,1.2,bad
0.048,22,bad
0.05,14,bad
0.043,11.9,bad
0.043,11.9,bad
0.04,9.4,bad
0.038,4.2,bad
0.034,3.8,good
0.047,8.5,bad
0.052,8.5,bad
0.048,22,bad
0.045,8,bad
0.055,5.1,bad
0.2,3.6,bad
0.197,3.5,bad
0.197,3.6,bad
0.052,7.8,bad
0.05,13.1,bad
0.052,7.8,bad
0.049,16.1,bad
0.05,13.1,bad
0.05,13.2,bad
0.034,13.9,bad
0.053,2.3,bad
0.042,11.6,bad
0.045,8.3,bad
0.049,6.2,bad
0.04,2.2,bad
0.048,0.9,bad
0.032,9.7,bad
0.038,1.4,good
0.045,8.3,bad
0.051,5.3,bad
0.03,1.4,good
0.044,9.2,bad
0.036,7,bad
0.044,9.2,bad
0.044,17.5,bad
0.036,7,bad
0.036,7,bad
0.07,9.5,bad
0.03,1.4,good
0.043,0.8,bad
0.046,1.8,bad
0.046,17.8,bad
0.048,2.4,bad
0.041,10.3,bad
0.048,2.4,bad
0.046,17.8,bad
0.062,9.7,bad
0.041,7.8,bad
0.039,7.8,bad
0.058,14.3,bad
0.058,14.3,bad
0.058,14.3,bad
0.058,14.3,bad
0.044,13.2,bad
0.037,1.4,good
0.039,15.55,bad
0.05,13.7,bad
0.031,7.8,bad
0.026,2.4,good
0.047,2.7,bad
0.043,11.2,bad
0.038,2,bad
0.03,2.1,good
0.031,1.4,good
0.03,1.4,good
0.037,10.4,bad
0.053,4.6,bad
0.074,16.2,bad
0.043,11.2,bad
0.029,3.5,bad
0.054,1.5,bad
0.04,1.1,good
0.035,5.7,good
0.035,5.7,good
0.032,1.8,bad
0.037,0.9,bad
0.048,5.4,bad
0.043,19.45,bad
0.036,8.2,bad
0.045,13.6,bad
0.038,1.2,bad
0.043,19.45,bad
0.053,8.3,bad
0.043,6.9,bad
0.044,7.1,bad
0.045,7,bad
0.053,8.3,bad
0.044,7,bad
0.051,13.1,bad
0.057,5.1,bad
0.046,10.7,bad
0.046,8.9,bad
0.044,9.1,bad
0.042,1.1,bad
0.044,1.2,bad
0.036,4.7,good
0.034,2.8,good
0.039,5,good
0.047,5.1,bad
0.054,15.6,bad
0.055,15.4,bad
0.056,7.2,bad
0.053,15.7,bad
0.058,14.2,good
0.058,14.2,good
0.058,14.2,good
0.058,14.2,good
0.041,5.8,bad
0.066,19.8,bad
0.041,7.3,good
0.066,1.6,bad
0.046,1.2,bad
0.045,10.6,bad
0.041,3.8,good
0.046,11.3,bad
0.043,2.1,bad
0.063,1.6,bad
0.05,0.9,bad
0.063,1.6,bad
0.055,1.3,bad
0.057,6.8,bad
0.057,6.8,bad
0.058,6.7,bad
0.058,6.7,bad
0.036,4.9,good
0.037,4.8,bad
0.035,2.1,good
0.032,8.3,good
0.042,3.7,bad
0.038,6.7,bad
0.04,6.6,bad
0.132,1.1,bad
0.031,4.7,bad
0.031,7.7,bad
0.03,7.85,good
0.04,3.3,bad
0.041,1.1,good
0.031,7.7,bad
0.031,4.7,bad
0.031,9.3,bad
0.046,2,bad
0.057,5.8,bad
0.04,15.15,bad
0.039,6.3,bad
0.042,15.4,bad
0.036,1.3,bad
0.03,4.8,good
0.032,4.6,bad
0.033,1.8,bad
0.038,9.9,bad
0.031,5.7,bad
0.033,1.8,bad
0.036,1.5,bad
0.045,12.3,bad
0.047,1.3,bad
0.049,1.5,good
0.045,7.8,good
0.047,1.5,bad
0.044,9.7,bad
0.053,3,bad
0.052,3,bad
0.05,4.6,bad
0.031,1.3,good
0.056,15.6,bad
0.052,13.6,bad
0.054,11.2,bad
0.044,2.1,good
0.038,6.85,good
0.071,2.5,bad
0.038,6.85,good
0.047,4.4,bad
0.063,14.3,bad
0.063,14.3,bad
0.05,1.1,bad
0.05,1.4,bad
0.04,4.7,bad
0.047,14.9,bad
0.055,1.2,bad
0.05,5.3,bad
0.063,14.3,bad
0.037,2.3,good
0.028,3.5,good
0.089,1.5,bad
0.053,1,bad
0.049,2.3,bad
0.044,12.5,bad
0.053,1,bad
0.049,2.3,bad
0.048,0.8,bad
0.048,2.4,bad
0.027,1.6,good
0.027,1.6,good
0.037,1.5,good
0.045,1.4,good
0.049,2.6,bad
0.037,1.5,good
0.045,1.4,good
0.046,12.5,bad
0.051,9.6,bad
0.048,2.4,bad
0.027,3.2,good
0.027,1.6,good
0.026,1.5,good
0.04,5.9,bad
0.047,5.4,bad
0.032,14.9,good
0.032,14.9,good
0.031,1.1,bad
0.031,9.8,bad
0.021,2,bad
0.044,11.8,bad
0.04,1.3,bad
0.031,1.8,bad
0.037,1.5,bad
0.048,18.2,bad
0.032,2.9,bad
0.037,1.5,bad
0.044,11.8,bad
0.069,1.4,bad
0.046,18.2,bad
0.035,6.3,bad
0.04,1.3,bad
0.031,4,good
0.049,1.2,bad
0.044,1.2,bad
0.031,1.8,bad
0.038,18.95,bad
0.04,12.7,bad
0.036,1.2,bad
0.036,1.2,bad
0.038,18.95,bad
0.04,12.7,bad
0.041,1.2,bad
0.047,7.7,bad
0.041,1.2,bad
0.05,1.6,bad
0.03,2.7,good
0.045,8.7,bad
0.045,8.6,bad
0.045,8.6,bad
0.047,8.3,good
0.045,8.7,bad
0.045,8.6,bad
0.053,13.3,bad
0.051,1.2,bad
0.056,13.6,bad
0.053,13.3,bad
0.048,1.1,bad
0.045,2.3,good
0.108,1.5,bad
0.028,7.1,good
0.027,6.2,good
0.042,2.5,bad
0.035,1.4,good
0.045,2.3,good
0.06,1.2,bad
0.028,1.6,good
0.033,6.6,bad
0.026,2.2,good
0.048,12.2,bad
0.031,20.8,bad
0.038,11,bad
0.054,2.6,bad
0.048,14,bad
0.048,14,bad
0.052,1.6,good
0.07,9.9,bad
0.038,1.2,bad
0.042,2.7,good
0.046,1.6,good
0.052,1.6,good
0.048,14,bad
0.022,1.5,good
0.056,8.6,bad
0.053,1,bad
0.059,9.1,bad
0.056,8.6,bad
0.047,15.2,bad
0.047,12.4,bad
0.044,2.2,bad
0.047,11,bad
0.081,10,bad
0.039,9,bad
0.044,2.2,bad
0.047,11,bad
0.047,18.15,bad
0.039,12.15,bad
0.036,3.4,bad
0.023,2,bad
0.034,4.8,good
0.03,4.5,bad
0.029,11,bad
0.028,1.1,good
0.037,1.5,bad
0.073,1.7,bad
0.041,1.7,bad
0.043,8.9,bad
0.047,1.3,bad
0.044,13.3,bad
0.043,8.9,bad
0.346,6.6,bad
0.028,1.5,bad
0.025,1.5,bad
0.035,1.3,bad
0.045,1.6,bad
0.047,7.6,bad
0.035,1,bad
0.032,1.6,good
0.039,8.9,bad
0.022,1.8,bad
0.04,4.7,bad
0.025,7,bad
0.041,10.8,bad
0.026,1.6,bad
0.04,1,bad
0.041,10.8,bad
0.045,16.7,bad
0.038,14.2,bad
0.038,2.25,bad
0.037,2.25,bad
0.053,12.2,bad
0.053,12.2,bad
0.09,3.3,bad
0.048,1.9,good
0.039,3.5,bad
0.048,1.9,good
0.041,1.3,bad
0.042,1.8,bad
0.04,5.2,bad
0.025,1.4,bad
0.036,9,good
0.051,2.2,bad
0.055,1.6,bad
0.045,1.7,bad
0.05,1.9,bad
0.048,12.6,bad
0.039,2.1,bad
0.039,2.1,bad
0.038,1.3,bad
0.033,1.7,bad
0.038,1,bad
0.114,3.3,bad
0.04,5,bad
0.034,1.8,bad
0.031,1.6,bad
0.03,4.5,bad
0.048,4.9,bad
0.186,4,bad
0.067,13.2,bad
0.067,13.2,bad
0.067,13.2,bad
0.047,15.3,bad
0.047,15.3,bad
0.067,13.2,bad
0.045,1.5,bad
0.053,4.55,bad
0.04,9.9,bad
0.05,10.4,bad
0.045,1.1,bad
0.036,8.7,bad
0.047,13.9,bad
0.04,1.4,bad
0.039,7.2,bad
0.052,1.9,bad
0.044,1.7,good
0.05,10.4,bad
0.05,13.6,good
0.026,1.2,good
0.028,1.6,good
0.05,13.6,good
0.028,1.6,good
0.026,1.2,good
0.046,12.2,bad
0.049,1.6,bad
0.044,12.1,bad
0.047,4.2,bad
0.049,9.1,good
0.057,1.6,bad
0.063,8.8,bad
0.046,1.4,good
0.066,4.2,bad
0.059,10.3,bad
0.051,12.4,bad
0.048,2.2,bad
0.05,2.2,bad
0.04,5.2,bad
0.051,10.8,bad
0.038,2.7,good
0.047,16.3,bad
0.032,2.7,good
0.035,1.9,good
0.047,1.8,bad
0.047,1.8,bad
0.033,2.8,good
0.038,2.7,good
0.034,6,good
0.051,10.8,bad
0.042,4.2,bad
0.056,6.4,bad
0.042,10.7,bad
0.046,1.6,good
0.042,10.7,bad
0.049,7.9,bad
0.034,1.7,good
0.036,2.1,good
0.04,5.8,bad
0.059,14.5,bad
0.037,1.2,bad
0.043,10.1,bad
0.03,1.1,bad
0.03,1,bad
0.051,0.9,good
0.043,10.1,bad
0.034,4.9,bad
0.036,11.4,good
0.036,1.4,good
0.18,1.4,bad
0.045,1.4,bad
0.03,1.1,bad
0.03,1,bad
0.052,1.5,bad
0.052,1.5,bad
0.049,7.5,bad
0.049,7.5,bad
0.044,17.75,bad
0.061,5.7,bad
0.037,3.2,good
0.032,4.3,bad
0.047,11,bad
0.045,10.9,bad
0.045,10.9,bad
0.047,11,bad
0.037,2.4,good
0.051,1.9,bad
0.051,1.8,bad
0.057,1.4,bad
0.084,16.8,bad
0.083,8.9,bad
0.043,6.6,bad
0.045,1.1,bad
0.066,1.4,bad
0.039,13.3,good
0.096,10.4,bad
0.048,6.2,bad
0.048,6.2,bad
0.036,1.2,bad
0.05,18.05,bad
0.05,18.05,bad
0.04,4.8,bad
0.045,12.6,bad
0.033,4.5,bad
0.027,4.5,bad
0.037,4.7,good
0.053,11.9,bad
0.046,5,bad
0.046,5.8,bad
0.047,1.2,good
0.054,12.9,bad
0.046,13.9,bad
0.05,11.5,bad
0.051,11.4,bad
0.058,7.8,bad
0.061,1.1,bad
0.05,12.2,bad
0.041,5.9,bad
0.067,14.4,good
0.067,14.4,good
0.067,14.4,good
0.067,14.4,good
0.053,12.3,bad
0.048,2.5,good
0.03,5.3,bad
0.028,4.9,bad
0.05,3.2,bad
0.052,3.1,bad
0.038,1.4,bad
0.049,1.9,bad
0.032,14,good
0.094,8.3,bad
0.049,1.9,bad
0.052,7.4,bad
0.056,1.4,bad
0.036,1.7,bad
0.052,7.4,bad
0.047,1.3,bad
0.047,11.6,bad
0.058,9.2,bad
0.038,1.7,bad
0.039,14.5,good
0.038,2.1,bad
0.047,10.7,bad
0.056,6.9,bad
0.057,12,bad
0.033,4.75,good
0.033,4.75,good
0.033,4.75,good
0.043,1.4,bad
0.058,1.3,bad
0.052,11.3,bad
0.24,4.5,bad
0.052,1.7,bad
0.051,13.2,bad
0.043,5.5,good
0.29,13,bad
0.044,10.7,bad
0.039,2,good
0.043,1.9,bad
0.037,6.4,bad
0.036,6.3,bad
0.036,6.3,bad
0.041,17.5,bad
0.047,14.7,bad
0.022,1,bad
0.039,14.8,bad
0.039,14.8,bad
0.042,14.2,bad
0.042,13.1,bad
0.03,2.4,good
0.042,1.2,bad
0.038,1.1,bad
0.037,3.6,bad
0.032,6.1,bad
0.041,6.3,bad
0.046,4.4,bad
0.05,13.9,bad
0.044,1,bad
0.046,12.1,bad
0.035,1.6,bad
0.035,1.6,bad
0.04,7.5,bad
0.038,2.7,bad
0.038,1.7,good
0.048,9.2,bad
0.042,18.75,bad
0.038,1.7,good
0.042,1.8,good
0.053,9,bad
0.046,1.5,bad
0.032,1.6,bad
0.02,1.3,good
0.028,1.8,good
0.041,1.2,bad
0.038,2.8,good
0.057,8,bad
0.043,5.3,bad
0.185,0.8,bad
0.042,13.8,bad
0.044,10,bad
0.022,6,good
0.052,14.4,bad
0.04,9.8,bad
0.038,5.5,bad
0.052,14.4,bad
0.04,9.8,bad
0.021,3.8,good
0.038,5.5,bad
0.022,4.6,bad
0.031,1.5,bad
0.03,2,bad
0.034,12.5,bad
0.041,7.5,bad
0.022,2.1,bad
0.033,8.5,bad
0.024,7.6,bad
0.049,8.1,bad
0.025,7.35,bad
0.024,7.6,bad
0.036,10,bad
0.038,14,bad
0.033,8.5,bad
0.11,2.2,bad
0.032,1.8,good
0.056,11.1,bad
0.051,15.2,bad
0.051,1.2,good
0.047,1.2,good
0.049,8.1,bad
0.05,8.1,bad
0.057,19.3,bad
0.039,18.6,bad
0.042,5,bad
0.05,1.6,bad
0.078,13.4,bad
0.028,1.6,bad
0.043,8.8,good
0.043,8.8,good
0.045,5.2,good
0.13,1.1,good
0.135,1.1,good
0.039,16.7,bad
0.035,10.6,good
0.115,2.2,bad
0.039,1.5,bad
0.052,13.7,bad
0.053,15,good
0.053,14.1,good
0.042,1.4,bad
0.056,9.5,bad
0.053,15,good
0.053,14.1,good
0.052,13.7,bad
0.039,10.6,bad
0.04,11,bad
0.04,11,bad
0.037,7,good
0.039,10.6,bad
0.04,11,bad
0.033,2,good
0.046,4.9,bad
0.033,2,good
0.049,1.4,bad
0.05,7.3,bad
0.054,8.8,bad
0.046,12.5,bad
0.041,4.8,bad
0.036,1.4,good
0.036,11.2,bad
0.048,6.8,bad
0.044,11.6,bad
0.039,11.4,good
0.032,6.6,bad
0.036,11.2,bad
0.046,13.2,bad
0.046,13.1,bad
0.046,12,bad
0.046,13.4,bad
0.048,6.8,bad
0.063,1.5,bad
0.055,1.1,good
0.045,16.5,bad
0.072,15.6,bad
0.04,2.8,bad
0.036,5.1,bad
0.034,8.9,bad
0.04,2.8,bad
0.034,8.9,bad
0.021,1.6,good
0.071,10.2,bad
0.053,5.4,bad
0.047,6.2,bad
0.036,5.1,bad
0.042,7.2,bad
0.046,8.1,bad
0.031,2,good
0.044,10.7,good
0.043,1.2,good
0.06,1.7,bad
0.037,5.5,bad
0.044,2.7,good
0.035,1.3,bad
0.06,1.7,bad
0.04,4.3,good
0.034,2.1,good
0.034,2.1,good
0.034,2.1,good
0.034,6,good
0.036,6.3,good
0.044,13.4,good
0.044,13.4,good
0.036,1.7,good
0.034,1.6,good
0.034,1.6,good
0.035,15.4,bad
0.026,1.2,bad
0.044,13.4,good
0.03,1.8,bad
0.036,1.7,good
0.042,13.6,bad
0.036,1.3,good
0.039,11.1,bad
0.036,1.3,good
0.038,2.1,good
0.042,13.6,bad
0.042,13.7,bad
0.038,10.2,good
0.17,4.8,bad
0.03,1.7,good
0.041,14.2,good
0.028,6.5,bad
0.029,1.7,bad
0.028,6.5,bad
0.021,2.2,bad
0.036,1.3,good
0.042,12.6,good
0.04,14.4,good
0.037,1.2,bad
0.08,9.7,bad
0.039,11.1,bad
0.03,4,bad
0.037,1.4,bad
0.029,1.3,bad
0.037,2.2,good
0.018,4.2,good
0.119,1.6,bad
0.126,1.4,bad
0.037,2.2,good
0.037,2.2,good
0.04,1.9,bad
0.022,6,bad
0.022,6,bad
0.035,12.2,bad
0.024,2.6,good
0.04,1.6,bad
0.044,2,good
0.04,1.6,bad
0.044,2,good
0.046,6.4,bad
0.031,1.2,good
0.036,1,bad
0.037,1.4,good
0.031,1.2,good
0.043,1.1,bad
0.047,8.7,bad
0.044,1.6,bad
0.039,1.4,bad
0.047,8.5,bad
0.052,7.9,good
0.046,13.2,bad
0.048,12.8,bad
0.047,7.7,bad
0.056,2.4,good
0.047,1.6,bad
0.048,1.3,bad
0.036,2.1,good
0.054,9.6,bad
0.049,13,bad
0.04,5.8,bad
0.042,5.6,bad
0.041,5.8,bad
0.038,0.8,bad
0.05,1.2,bad
0.038,0.8,bad
0.042,4.7,good
0.037,1.6,bad
0.031,1.4,bad
0.04,1.1,good
0.057,4.6,good
0.036,10.6,bad
0.036,10.6,bad
0.044,12.9,bad
0.044,2,good
0.047,2.9,bad
0.042,2.8,bad
0.057,2.9,good
0.055,12,bad
0.044,15,bad
0.017,5.9,good
0.033,12.6,bad
0.046,12.5,bad
0.037,7.4,bad
0.039,13,bad
0.041,6.7,bad
0.048,1.4,bad
0.044,15,bad
0.044,7.3,bad
0.044,15.3,good
0.034,7.5,bad
0.037,11.75,bad
0.039,1.6,good
0.03,3.5,good
0.051,8,good
0.058,5,good
0.047,18.2,bad
0.039,1.6,bad
0.048,3.2,bad
0.034,6.4,bad
0.043,1.9,bad
0.035,9.7,bad
0.028,1.4,bad
0.042,1.3,bad
0.035,9.7,bad
0.043,1.9,bad
0.042,1.8,bad
0.041,0.9,good
0.039,1.1,good
0.05,15.4,bad
0.05,15.4,bad
0.037,5,good
0.05,15.4,bad
0.023,4,bad
0.034,12.5,bad
0.035,3.2,bad
0.041,1.8,bad
0.039,17.5,bad
0.028,1.9,good
0.019,1.6,good
0.017,1.5,good
0.02,1.7,good
0.039,17.5,bad
0.028,1.9,good
0.046,1.8,bad
0.054,4.3,bad
0.058,4.9,bad
0.05,7.6,bad
0.037,6.7,good
0.15,1.6,bad
0.152,1.5,bad
0.037,6.7,good
0.027,1.7,bad
0.026,4.2,bad
0.043,1.6,bad
0.05,1.9,bad
0.054,5.3,bad
0.053,5.2,bad
0.043,1.6,bad
0.036,8.9,good
0.04,3.4,bad
0.046,1.3,bad
0.049,15.2,bad
0.046,1.3,bad
0.04,1.8,bad
0.046,1.6,bad
0.046,1.3,bad
0.062,9.8,bad
0.056,17.45,bad
0.046,2.1,good
0.05,1.8,good
0.045,6.8,bad
0.045,7.1,bad
0.063,1.3,good
0.038,3.3,bad
0.044,3.3,bad
0.038,3.3,bad
0.052,2.7,bad
0.059,1.2,good
0.055,1.3,bad
0.043,1.4,bad
0.048,1.7,good
0.057,1.7,bad
0.048,11.6,bad
0.064,12.6,bad
0.036,2.8,bad
0.071,11.2,bad
0.043,1.4,bad
0.045,1.4,bad
0.049,1.5,bad
0.041,1.5,good
0.041,1.5,good
0.019,7.05,good
0.06,10.6,bad
0.088,2.8,bad
0.039,1.6,bad
0.042,1.6,bad
0.04,8.2,bad
0.052,1.5,good
0.05,11,bad
0.054,2.1,bad
0.047,7.6,bad
0.055,6.8,bad
0.055,6.8,bad
0.244,10.6,bad
0.04,1.8,bad
0.06,1.5,bad
0.044,6,bad
0.034,5.3,good
0.035,1.4,bad
0.047,2.1,bad
0.039,1,bad
0.043,5.2,bad
0.048,19.45,bad
0.049,1.6,good
0.05,2,bad
0.046,1.3,bad
0.029,1.7,bad
0.038,1.1,bad
0.035,4.7,bad
0.048,7.5,bad
0.137,1.1,bad
0.035,1.3,bad
0.05,2.2,bad
0.029,1.7,bad
0.049,2.2,bad
0.06,1.2,bad
0.093,10,bad
0.06,1.2,bad
0.077,1.1,bad
0.054,2,good
0.07,7.5,bad
0.079,4,bad
0.073,4.1,bad
0.072,1.9,bad
0.054,14.8,bad
0.048,5.5,bad
0.037,2.6,good
0.024,6.35,good
0.031,1.5,bad
0.04,1.6,good
0.054,14.8,bad
0.036,9.1,good
0.048,8,bad
0.049,12,bad
0.033,3.2,good
0.048,7.7,bad
0.037,1.3,bad
0.051,16.3,bad
0.046,6.2,bad
0.059,4.7,good
0.038,5.8,bad
0.038,5.8,bad
0.048,16.95,bad
0.035,5.1,good
0.041,10.2,bad
0.027,3.8,good
0.037,1.3,good
0.048,16.95,bad
0.034,4,good
0.049,17.1,bad
0.048,14.5,bad
0.069,1.2,bad
0.038,6.7,good
0.045,8.4,bad
0.033,1.3,good
0.04,8.8,bad
0.035,5.1,good
0.039,10.6,bad
0.025,2.6,good
0.038,5.8,bad
0.028,2.8,bad
0.033,1.6,bad
0.036,6.7,bad
0.041,10.2,bad
0.028,4.9,good
0.027,3.8,good
0.029,2,good
0.024,1.7,good
0.054,2.4,bad
0.029,2,good
0.04,1.3,bad
0.053,12,bad
0.047,1.6,bad
0.047,1.4,bad
0.047,2.2,good
0.04,1.4,bad
0.037,8.3,bad
0.04,1.4,bad
0.042,12.9,bad
0.051,12.4,bad
0.047,1.6,bad
0.04,1.45,good
0.042,1.6,bad
0.044,1.5,bad
0.047,13,bad
0.038,1.95,good
0.042,5.85,good
0.047,1.3,bad
0.031,5.3,good
0.048,1.2,bad
0.047,4,bad
0.043,14.35,bad
0.053,2.3,bad
0.042,4.7,bad
0.048,12.85,bad
0.027,5.2,good
0.031,8.4,good
0.058,3.2,bad
0.034,6.9,bad
0.076,1,bad
0.052,7.3,bad
0.058,3.2,bad
0.048,1.6,bad
0.047,1.5,bad
0.041,7.5,bad
0.031,1.1,bad
0.041,1.3,bad
0.025,5.7,bad
0.038,7.2,bad
0.042,7.6,bad
0.041,7.5,bad
0.042,1.3,bad
0.035,1.3,bad
0.037,4.8,bad
0.034,2.1,bad
0.054,16.85,bad
0.054,16.85,bad
0.201,4.1,bad
0.054,16.85,bad
0.055,1.3,bad
0.054,16.85,bad
0.043,7.4,good
0.201,4.1,bad
0.057,0.9,bad
0.03,6.3,bad
0.039,0.8,bad
0.044,1.4,bad
0.037,1,bad
0.055,1.3,bad
0.062,4.5,bad
0.03,5.4,bad
0.036,1.9,bad
0.045,2,bad
0.036,12.7,bad
0.042,8.6,bad
0.039,11.1,good
0.042,2,bad
0.036,2.8,bad
0.044,4.5,bad
0.03,5.4,bad
0.029,9.1,bad
0.045,2,bad
0.025,2.2,bad
0.033,4.1,good
0.065,11.8,bad
0.048,1.2,bad
0.026,2.2,good
0.037,1.4,bad
0.068,1.6,bad
0.036,1.9,bad
0.024,5.2,good
0.074,14.45,bad
0.042,14.75,good
0.025,8.3,bad
0.038,14.2,bad
0.024,5.2,good
0.042,14.75,good
0.074,14.45,bad
0.02,6.9,good
0.027,1.5,bad
0.028,1.5,good
0.046,7.8,bad
0.049,1.5,bad
0.049,1.5,bad
0.047,1.5,bad
0.037,15.55,bad
0.046,7.8,bad
0.031,1.7,bad
0.03,1.5,bad
0.042,1,bad
0.064,6.7,bad
0.04,1.6,bad
0.049,1.5,bad
0.033,1.2,bad
0.045,7.1,bad
0.034,1,good
0.301,12.1,bad
0.027,7.1,good
0.034,1,good
0.044,1.15,bad
0.034,6,good
0.038,1.2,bad
0.045,7.1,bad
0.033,2.3,good
0.023,3.4,bad
0.033,2.3,good
0.039,6.5,bad
0.047,1.2,bad
0.033,1.15,bad
0.043,13,bad
0.03,4.5,good
0.033,5.85,good
0.037,5.2,bad
0.043,1.3,bad
0.036,1.7,bad
0.023,3.4,bad
0.024,3.6,bad
0.041,2.7,good
0.042,2.2,bad
0.041,1.8,bad
0.036,2.1,good
0.033,6.6,good
0.041,2.7,good
0.037,5.1,bad
0.042,17.55,bad
0.055,5.2,good
0.046,1.1,bad
0.045,1.1,good
0.051,10.7,bad
0.034,5.15,good
0.049,1.1,bad
0.047,1.1,bad
0.037,1.8,good
0.138,1,bad
0.057,1.8,bad
0.046,1.4,bad
0.036,6.7,bad
0.034,6.8,bad
0.036,6.8,bad
0.037,7.1,bad
0.05,1.5,bad
0.046,1.4,bad
0.039,1.45,bad
0.036,1.2,bad
0.059,7.4,good
0.028,4.2,good
0.044,14.6,good
0.04,10.5,bad
0.048,13.8,bad
0.044,14.6,good
0.037,1.1,bad
0.169,5.3,bad
0.037,1.1,bad
0.048,13.8,bad
0.064,1.5,bad
0.044,14.6,good
0.04,10.5,bad
0.083,4.9,bad
0.025,1.9,bad
0.026,1.7,bad
0.028,1.8,good
0.039,10.7,bad
0.026,8.8,good
0.028,1.8,good
0.026,1.7,bad
0.05,1.8,good
0.032,1.6,good
0.029,1.4,good
0.034,1.6,bad
0.033,1.5,bad
0.038,9.2,bad
0.037,1.1,bad
0.03,4.3,bad
0.031,4.2,bad
0.038,9.2,bad
0.045,5,bad
0.045,6.8,good
0.04,5.2,bad
0.042,4.75,bad
0.045,5.9,bad
0.032,7.7,bad
0.067,6.4,bad
0.035,8.1,bad
0.038,17.35,bad
0.05,1.8,good
0.047,1.8,good
0.049,1.5,bad
0.046,1.6,bad
0.049,1.6,bad
0.041,13.5,bad
0.039,3.75,bad
0.04,1.3,bad
0.046,1.3,bad
0.04,6.2,bad
0.044,9.7,bad
0.026,2,bad
0.039,1.4,bad
0.044,1.1,bad
0.038,6.6,bad
0.044,1.5,bad
0.028,4.6,bad
0.037,0.9,bad
0.093,1.7,bad
0.043,1.3,bad
0.04,2.3,good
0.042,6.8,bad
0.047,1.5,bad
0.028,1.2,bad
0.052,2.1,bad
0.05,2.2,bad
0.058,8.8,bad
0.05,17,good
0.034,1.8,good
0.048,1.2,bad
0.047,2.3,bad
0.042,7,good
0.048,6.4,bad
0.048,6.4,bad
0.033,12.15,bad
0.04,0.8,bad
0.029,2,bad
0.033,12.15,bad
0.059,12.4,bad
0.041,1.9,good
0.043,1.1,good
0.039,6.2,good
0.039,6.3,good
0.042,7,good
0.042,0.9,bad
0.034,3.9,good
0.027,3.9,good
0.047,2.3,bad
0.048,6.4,bad
0.04,1.8,bad
0.04,1.1,bad
0.05,15.4,bad
0.039,6.5,bad
0.048,2.4,good
0.04,1.4,good
0.044,5.7,bad
0.038,5.7,good
0.04,1.4,good
0.051,1.4,bad
0.04,1.1,bad
0.046,1.2,good
0.037,0.9,bad
0.058,3.8,bad
0.05,15.4,bad
0.168,14.15,bad
0.052,1.9,bad
0.042,9.2,good
0.044,8.2,bad
0.044,8.2,bad
0.032,2.7,good
0.032,1.7,good
0.047,1.7,bad
0.05,1.7,bad
0.047,1.6,good
0.054,0.9,bad
0.044,8.5,good
0.039,5.7,good
0.045,3.1,bad
0.046,1.3,bad
0.047,1.6,bad
0.042,1.3,bad
0.039,4.5,good
0.034,2.8,bad
0.044,1.2,good
0.037,0.9,bad
0.034,7.4,bad
0.029,1.4,bad
0.034,2.8,bad
0.042,4.6,bad
0.039,4.5,good
0.039,1.6,good
0.044,1.2,good
0.05,13.1,good
0.05,13.1,good
0.035,5.7,bad
0.05,13.1,good
0.052,12.6,bad
0.044,5.4,good
0.044,2.2,good
0.043,6.6,bad
0.069,6.9,bad
0.034,6.8,good
0.033,3.6,bad
0.05,13.1,good
0.04,1.2,bad
0.037,5.9,bad
0.035,5.7,bad
0.035,4.1,good
0.042,7.1,bad
0.037,1.4,bad
0.038,0.8,bad
0.045,1.3,bad
0.057,15.55,bad
0.044,1,bad
0.04,1.6,good
0.042,11.8,bad
0.047,4.5,bad
0.051,1.1,bad
0.056,10,bad
0.042,7.1,bad
0.052,0.9,bad
0.045,1,bad
0.042,1.1,bad
0.033,1.1,good
0.051,1.5,bad
0.048,1,bad
0.051,1.5,bad
0.03,2.9,good
0.031,1.2,bad
0.042,1.1,bad
0.053,14.2,bad
0.051,17.85,bad
0.033,1.1,good
0.05,7.1,bad
0.052,7.6,bad
0.05,13.6,bad
0.057,1.4,bad
0.061,1.2,bad
0.04,5.3,bad
0.033,13,bad
0.044,4.45,bad
0.063,1.2,bad
0.055,1.2,bad
0.055,1.2,bad
0.036,6.6,bad
0.033,13,bad
0.048,1.1,bad
0.033,13,bad
0.034,14,good
0.054,19.8,bad
0.069,11.2,bad
0.063,1.2,bad
0.044,4.45,bad
0.044,2.7,bad
0.048,4.5,bad
0.05,3.6,bad
0.048,5.4,bad
0.055,1.2,bad
0.051,1.2,bad
0.031,9.1,good
0.044,0.8,bad
0.036,6.6,bad
0.03,3,good
0.046,1.6,bad
0.048,1.1,bad
0.034,14,good
0.033,13,bad
0.052,1.35,bad
0.038,5.9,bad
0.057,3.6,bad
0.05,1.3,bad
0.028,8.7,bad
0.04,1.2,bad
0.044,4.6,bad
0.056,2,bad
0.05,1.3,bad
0.048,1.7,bad
0.046,2.4,bad
0.057,3.6,bad
0.053,4.6,bad
0.034,1.5,bad
0.033,0.9,bad
0.054,19.4,bad
0.044,13.3,bad
0.037,17.85,bad
0.03,1.1,bad
0.031,1.3,bad
0.046,9.4,bad
0.033,9,good
0.033,8.65,good
0.03,9.6,good
0.039,1.1,bad
0.044,1.2,good
0.041,1.8,bad
0.043,2.1,bad
0.03,9.3,good
0.04,1.7,bad
0.034,1.2,bad
0.039,4.6,good
0.045,12.8,good
0.041,1.5,good
0.051,8.1,bad
0.044,7.5,bad
0.06,14.5,bad
0.053,1.6,bad
0.061,1.8,bad
0.042,3.2,bad
0.034,9.4,good
0.031,9.9,bad
0.03,9.3,good
0.039,1.3,bad
0.037,9.6,bad
0.038,9.3,bad
0.035,7.8,bad
0.04,1.7,bad
0.038,1.7,bad
0.034,1.2,bad
0.041,1.4,bad
0.044,9,bad
0.042,18.15,bad
0.037,12.5,bad
0.037,1.1,bad
0.045,7.7,bad
0.037,1.1,bad
0.042,18.15,bad
0.037,12.5,bad
0.037,8.1,good
0.049,7.7,good
0.028,5,bad
0.044,15.6,bad
0.031,1.5,bad
0.028,1,bad
0.04,1,bad
0.034,1,bad
0.028,5,bad
0.044,15.6,bad
0.029,0.8,bad
0.037,1.3,bad
0.038,1.1,bad
0.028,1,bad
0.049,5.2,bad
0.034,4.7,bad
0.034,4.8,bad
0.025,1.8,bad
0.031,1.5,bad
0.051,5.2,bad
0.122,1.2,bad
0.038,1.8,good
0.057,7.6,good
0.056,8.2,good
0.032,1.3,good
0.036,10,bad
0.051,5.2,bad
0.045,6.4,bad
0.036,1,bad
0.033,1.8,bad
0.059,2,bad
0.027,1.5,good
0.033,1.8,bad
0.059,2,bad
0.044,3.5,bad
0.046,18.05,bad
0.055,1.8,bad
0.055,8.2,bad
0.038,5,bad
0.041,4.6,bad
0.055,8.2,bad
0.063,7,bad
0.045,3.1,bad
0.048,8.8,bad
0.053,2.4,bad
0.05,1.4,bad
0.05,1.8,bad
0.046,11.9,bad
0.062,13.4,bad
0.046,15.4,bad
0.039,7.2,bad
0.039,7.4,good
0.046,11.9,bad
0.045,7.8,bad
0.039,13.5,bad
0.042,1.3,bad
0.045,7.8,bad
0.039,13.5,bad
0.036,1.5,bad
0.028,1.2,bad
0.042,6.4,bad
0.047,1.2,bad
0.043,7.3,bad
0.047,3.8,bad
0.046,7.3,bad
0.034,2.7,bad
0.046,7.3,bad
0.172,1.4,bad
0.167,1.6,bad
0.047,3.8,bad
0.046,8,bad
0.034,4.7,bad
0.034,1.9,good
0.048,2.8,bad
0.032,2.2,good
0.031,1.7,bad
0.04,4.9,good
0.057,23.5,bad
0.048,11.8,good
0.031,1.7,bad
0.04,5.2,bad
0.027,3.2,good
0.035,1.5,good
0.035,11.7,bad
0.047,1.6,bad
0.045,7.3,bad
0.065,1.6,bad
0.045,13.3,bad
0.029,6,good
0.027,3.2,good
0.05,1.6,bad
0.045,7.7,bad
0.053,5.9,bad
0.039,1,good
0.037,6.4,bad
0.048,10.4,bad
0.05,1.6,bad
0.057,3.5,bad
0.047,7.7,bad
0.053,1.8,bad
0.057,3.5,bad
0.041,6.5,good
0.037,6.7,good
0.048,16.8,bad
0.035,1.6,bad
0.043,7,bad
0.042,1.2,bad
0.239,13,bad
0.042,3.8,bad
0.043,7,bad
0.054,7.5,bad
0.058,15.55,good
0.049,12.3,good
0.058,15.55,good
0.048,9.4,good
0.054,7.5,bad
0.036,1.2,good
0.045,1.6,bad
0.058,1.6,bad
0.044,3.95,good
0.076,12.8,bad
0.044,1,bad
0.053,31.6,bad
0.052,7.4,bad
0.046,1.3,bad
0.048,1.1,bad
0.06,7.8,bad
0.05,7.7,bad
0.049,7.7,bad
0.049,7.8,bad
0.047,8.3,bad
0.047,1.4,good
0.053,31.6,bad
0.059,15.4,bad
0.036,1,good
0.04,1,bad
0.055,5.9,bad
0.033,1.2,good
0.036,1.2,bad
0.046,6.7,bad
0.028,6.5,good
0.138,4.8,bad
0.137,5.3,bad
0.046,8.9,bad
0.047,8.8,bad
0.028,6.5,good
0.032,1.8,bad
0.045,6.6,bad
0.034,5.7,bad
0.054,18.35,bad
0.046,10,bad
0.055,14.4,good
0.055,14.4,good
0.049,17.85,good
0.055,14.4,good
0.047,9.4,bad
0.049,17.85,good
0.041,1.55,bad
0.034,1.3,bad
0.05,1.5,bad
0.055,14.4,good
0.04,4.2,bad
0.048,8.6,bad
0.06,1.4,bad
0.036,3,bad
0.041,14.9,bad
0.038,2,bad
0.04,4.2,bad
0.043,2.2,bad
0.043,1.8,bad
0.033,11.1,bad
0.046,4.2,bad
0.058,6.4,bad
0.057,6.4,bad
0.035,1.5,bad
0.038,1.5,bad
0.056,16.95,bad
0.051,1.7,bad
0.055,13.6,bad
0.032,1.6,bad
0.037,6.1,bad
0.061,3,bad
0.059,6.2,bad
0.123,6.6,bad
0.04,1.6,good
0.046,6,bad
0.044,1.5,bad
0.05,1.7,bad
0.043,1.8,bad
0.044,2.6,good
0.052,2.7,good
0.041,19.5,bad
0.04,1.6,good
0.056,5,bad
0.064,4.6,bad
0.034,6.4,bad
0.045,14.5,bad
0.123,6.6,bad
0.036,6.7,bad
0.031,1.1,bad
0.055,13.8,bad
0.031,2.5,bad
0.041,1.1,bad
0.057,9.6,bad
0.042,4.6,bad
0.052,3.1,bad
0.057,9.6,bad
0.054,1.8,bad
0.032,1.05,bad
0.061,6.5,bad
0.038,2,bad
0.039,14.9,bad
0.042,10,bad
0.133,1.1,bad
0.053,12,bad
0.05,4.8,bad
0.042,10,bad
0.044,1.2,bad
0.056,1.5,bad
0.045,10.4,bad
0.046,2.5,good
0.045,12.3,bad
0.049,1.4,good
0.042,2.2,bad
0.039,14.9,bad
0.053,8,bad
0.056,8.6,bad
0.038,1.2,bad
0.046,8.7,bad
0.042,5.4,bad
0.044,5.7,bad
0.037,1.5,good
0.037,10.9,bad
0.053,8,bad
0.056,8.6,bad
0.054,7.7,bad
0.051,1.7,bad
0.048,1.4,bad
0.046,4.5,good
0.059,9.9,bad
0.041,1.4,bad
0.059,9.5,bad
0.059,9.9,bad
0.054,3,bad
0.03,19.6,bad
0.069,14,bad
0.041,1.4,bad
0.034,1.8,good
0.034,1.8,good
0.052,5.4,bad
0.051,1.8,bad
0.034,9.25,bad
0.067,1.5,bad
0.038,6.8,good
0.034,9.25,bad
0.04,2.6,good
0.033,2.1,good
0.035,7.6,bad
0.026,1.6,good
0.042,1.4,bad
0.054,1.6,bad
0.056,1.4,bad
0.062,17.95,bad
0.064,2,bad
0.061,6.3,bad
0.037,1.4,bad
0.039,9.05,good
0.073,15.4,bad
0.04,7.1,bad
0.049,10.2,bad
0.042,1.6,bad
0.073,15.4,bad
0.04,7.1,bad
0.049,10.2,bad
0.065,12.4,bad
0.046,3.4,bad
0.053,15,bad
0.065,12.4,bad
0.053,15,bad
0.049,1.5,bad
0.046,3.4,bad
0.042,4.8,bad
0.038,1.2,bad
0.03,4.1,good
0.038,2.8,bad
0.029,13.9,good
0.034,0.8,bad
0.032,1,bad
0.032,1.2,bad
0.038,2.8,bad
0.035,1.7,bad
0.03,4.1,good
0.054,6.3,bad
0.033,11.5,bad
0.034,1.5,bad
0.033,11.5,bad
0.054,6.3,bad
0.051,6.3,bad
0.031,11.2,good
0.031,11.2,good
0.03,15.1,good
0.031,11.2,good
0.03,15.1,good
0.044,5.6,bad
0.211,12.6,bad
0.123,5.7,bad
0.037,2.2,good
0.052,11,bad
0.123,5.7,bad
0.054,1,bad
0.037,2.2,good
0.039,11.8,bad
0.059,7.8,bad
0.029,4.7,bad
0.049,11.5,bad
0.041,7.9,bad
0.049,11.5,bad
0.052,17.8,bad
0.042,1.7,bad
0.046,1.6,good
0.029,4.7,bad
0.049,1.6,good
0.058,2.4,bad
0.048,6.4,good
0.053,14,bad
0.056,1.6,bad
0.056,1.6,bad
0.056,1.4,bad
0.053,14,bad
0.046,4.7,bad
0.054,10.2,bad
0.054,2.3,good
0.049,7.8,bad
0.042,2.4,bad
0.255,8.3,bad
0.05,13.9,bad
0.031,13.8,bad
0.031,7.3,good
0.035,8.5,good
0.049,1.8,bad
0.048,5.1,bad
0.047,16.05,bad
0.047,16.05,bad
0.034,7.35,bad
0.058,16.05,bad
0.053,2,bad
0.032,1.2,bad
0.043,14,bad
0.043,16.2,bad
0.045,14.3,bad
0.043,16.2,bad
0.045,14.3,bad
0.045,14.3,bad
0.029,7.9,bad
0.043,16.2,bad
0.036,1,bad
0.05,13.6,bad
0.049,17.85,bad
0.036,1.3,bad
0.045,14.3,bad
0.045,13.7,bad
0.046,18.3,bad
0.046,18.3,bad
0.056,6.5,bad
0.039,10.3,bad
0.037,8.1,bad
0.037,8.1,bad
0.053,8.6,bad
0.03,1.9,good
0.033,14.1,bad
0.039,7.9,bad
0.04,10.7,bad
0.04,1.2,bad
0.039,10.3,bad
0.037,8.1,bad
0.037,1.9,bad
0.029,2.7,good
0.038,5.7,good
0.062,9.3,bad
0.045,8.1,bad
0.041,1.3,bad
0.036,8.5,bad
0.049,2.1,bad
0.033,3.5,bad
0.038,5.7,good
0.045,8.1,bad
0.041,1.3,bad
0.044,14.4,bad
0.049,13.7,bad
0.052,11.1,good
0.062,9.3,bad
0.055,4.9,bad
0.028,1.7,bad
0.032,1.6,bad
0.204,1.4,bad
0.208,1.4,bad
0.052,1.6,bad
0.047,6.8,bad
0.036,9.7,bad
0.043,10.5,bad
0.047,2,bad
0.042,6.2,bad
0.083,8.3,bad
0.04,1.6,bad
0.036,9.7,bad
0.043,10.5,bad
0.08,4.6,good
0.031,1.2,bad
0.052,7.6,bad
0.052,15,bad
0.052,7.6,bad
0.052,15,bad
0.041,11.6,bad
0.051,1.1,bad
0.049,7.8,bad
0.066,12,bad
0.051,1.1,bad
0.046,1.4,good
0.054,6.7,bad
0.036,17.2,bad
0.046,1.4,bad
0.028,8.2,good
0.044,4.3,bad
0.036,17.2,bad
0.063,11.1,bad
0.027,1.1,bad
0.058,7.2,bad
0.056,16.6,bad
0.024,1,bad
0.024,1,bad
0.039,1.3,bad
0.041,1.4,bad
0.056,16.6,bad
0.046,6.9,bad
0.076,13.3,bad
0.047,8.1,bad
0.044,9.2,good
0.047,1.4,bad
0.03,3.2,good
0.036,2.5,bad
0.03,3.2,good
0.086,4.5,bad
0.084,18.35,bad
0.084,18.35,bad
0.048,7.8,bad
0.057,7,bad
0.048,6.3,bad
0.044,1.2,bad
0.042,12.8,bad
0.056,14.2,good
0.056,14.2,good
0.056,14.2,good
0.056,14.2,good
0.056,14.2,good
0.049,16.65,bad
0.047,1.9,bad
0.043,7.7,bad
0.043,10.4,bad
0.034,3.3,good
0.054,1.1,bad
0.056,14.2,good
0.057,6.3,bad
0.053,5.25,bad
0.043,14.6,bad
0.055,11.8,bad
0.043,14.6,bad
0.055,11.8,bad
0.055,11.8,bad
0.055,17.3,bad
0.04,1.4,bad
0.038,1.3,bad
0.047,1.6,bad
0.053,5.25,bad
0.043,2.4,bad
0.043,14.6,bad
0.055,11.8,bad
0.038,1.5,bad
0.043,1.8,bad
0.034,7.7,good
0.035,2,bad
0.043,1.8,bad
0.064,1.4,bad
0.046,16.7,bad
0.026,8.1,bad
0.028,8,bad
0.023,4.7,good
0.026,8.1,bad
0.049,2.1,good
0.046,16.7,bad
0.05,6.4,bad
0.051,1.5,bad
0.04,7.6,bad
0.051,1.5,bad
0.168,12.4,bad
0.16,1.3,bad
0.179,1.7,bad
0.046,8.1,bad
0.037,7.1,bad
0.04,7.6,bad
0.034,2.3,bad
0.042,6.5,bad
0.024,1.4,bad
0.049,12.7,bad
0.038,1.6,bad
0.018,1.1,bad
0.046,1.2,bad
0.042,6.5,bad
0.029,4.6,bad
0.042,0.6,bad
0.032,10.6,bad
0.029,4.6,bad
0.028,4.8,bad
0.03,2.7,bad
0.034,12.6,bad
0.042,0.6,bad
0.046,9.2,bad
0.052,6.6,bad
0.05,7,bad
0.031,8.45,good
0.034,11.1,bad
0.042,18.15,bad
0.042,18.15,bad
0.026,4.1,bad
0.026,4.1,bad
0.029,4.6,bad
0.042,18.15,bad
0.031,4.9,good
0.044,8.3,bad
0.04,1.4,bad
0.04,11.5,bad
0.036,1.8,bad
0.047,1.6,bad
0.049,2.4,bad
0.042,4.9,bad
0.05,1.8,bad
0.051,4.3,bad
0.051,4.4,bad
0.029,1.4,bad
0.03,1.6,good
0.057,1.3,bad
0.04,5.2,bad
0.043,5.6,bad
0.045,5.3,bad
0.042,4.9,bad
0.049,2.4,bad
0.039,1.6,bad
0.055,2.1,bad
0.042,1.4,bad
0.044,7.1,bad
0.039,1.6,bad
0.046,10.7,bad
0.036,11.1,bad
0.029,10.7,bad
0.053,1.6,bad
0.053,1.6,bad
0.05,1.5,bad
0.049,1.5,bad
0.046,1.6,bad
0.053,1.6,bad
0.044,8,bad
0.045,7.7,bad
0.043,2.7,bad
0.052,15.1,bad
0.052,15.1,bad
0.048,8.9,bad
0.05,6,bad
0.046,12.3,bad
0.056,13.1,bad
0.043,6.7,bad
0.046,12.3,bad
0.042,2.3,bad
0.047,11.1,bad
0.056,1.5,bad
0.043,6.7,bad
0.05,6,bad
0.057,15.2,bad
0.048,10.2,bad
0.056,13.1,bad
0.038,10.7,bad
0.05,17.1,bad
0.05,17.1,bad
0.05,17.1,bad
0.05,1.9,bad
0.038,10.7,bad
0.05,17.1,bad
0.034,1.2,bad
0.04,1.2,bad
0.041,3.1,bad
0.033,1.5,bad
0.076,10.7,bad
0.035,4.9,good
0.051,12.6,bad
0.076,10.7,bad
0.035,4.9,good
0.048,12.15,bad
0.056,12,bad
0.062,1.7,bad
0.054,2.6,bad
0.036,1.4,bad
0.04,1.9,bad
0.056,16.9,bad
0.056,16.9,bad
0.03,2.1,bad
0.041,7,bad
0.054,7.1,bad
0.058,5.9,bad
0.054,7.1,bad
0.06,8.7,bad
0.056,13.2,bad
0.056,15.3,bad
0.056,15.3,bad
0.047,13.2,bad
0.037,2.7,good
0.053,10.65,bad
0.054,10,bad
0.056,6.8,bad
0.04,15.6,bad
0.056,13.2,bad
0.038,5.1,bad
0.035,3,bad
0.056,15.3,bad
0.052,2.1,bad
0.054,1.9,bad
0.052,8.6,bad
0.035,8.75,bad
0.038,3.6,bad
0.031,4.7,bad
0.048,1.3,bad
0.031,1.8,bad
0.04,9.7,bad
0.03,4,good
0.087,2.4,bad
0.031,4.7,bad
0.028,18.8,bad
0.069,1.8,bad
0.069,1.8,bad
0.053,12.8,good
0.053,12.8,good
0.053,12.8,good
0.053,12.8,good
0.053,12.8,good
0.042,7.8,bad
0.05,16.75,bad
0.053,12.8,good
0.053,12.8,good
0.042,7.8,bad
0.06,5.4,good
0.05,16.75,bad
0.047,1.3,bad
0.053,10.1,bad
0.044,3.8,bad
0.041,10.9,bad
0.04,6.6,bad
0.041,9.8,bad
0.051,11.7,good
0.217,1.2,bad
0.056,1.4,bad
0.052,9.6,bad
0.048,12.2,bad
0.044,2.6,bad
0.037,10.7,bad
0.058,4.9,bad
0.048,12.2,bad
0.052,9.6,bad
0.056,1.4,bad
0.037,1.1,bad
0.036,1,bad
0.051,8.2,bad
0.049,11.3,bad
0.069,7.3,bad
0.051,2.3,bad
0.051,8.2,bad
0.058,2.1,bad
0.059,2,bad
0.056,10,bad
0.035,15.75,bad
0.045,3.9,good
0.031,2,bad
0.039,1.5,bad
0.058,1.6,good
0.056,1.4,bad
0.039,1.5,bad
0.047,1.4,bad
0.031,2,bad
0.041,13.8,bad
0.051,1.3,bad
0.051,3.8,bad
0.041,6.9,bad
0.027,2.2,good
0.045,1.6,bad
0.041,13.8,bad
0.051,10.8,good
0.056,12.8,bad
0.051,10.8,good
0.067,15.3,bad
0.046,12.1,bad
0.046,12,bad
0.042,11.6,good
0.034,9.2,bad
0.042,11.6,good
0.034,9.2,bad
0.054,2.8,bad
0.049,1.6,bad
0.067,6.1,bad
0.048,8.5,bad
0.04,7.8,bad
0.06,14.9,bad
0.046,6.2,bad
0.048,8.5,bad
0.042,8.2,bad
0.04,7.8,bad
0.094,10.6,bad
0.047,11.2,bad
0.043,11.6,bad
0.031,7.1,good
0.06,14.9,bad
0.046,6.2,bad
0.047,1.7,bad
0.048,7.7,bad
0.06,17.3,bad
0.042,1.4,good
0.046,7.7,bad
0.048,7.7,bad
0.049,3.4,bad
0.046,1.6,bad
0.039,1.4,bad
0.157,1.4,bad
0.049,10.4,bad
0.157,1.4,bad
0.049,10.4,bad
0.061,4.1,bad
0.032,2.8,bad
0.056,15.7,bad
0.045,10.9,bad
0.056,15.7,bad
0.027,6.5,bad
0.045,10.9,bad
0.034,5.9,bad
0.055,17.3,bad
0.051,1.4,good
0.06,13.5,bad
0.035,8.5,bad
0.053,6.2,bad
0.051,1.4,good
0.067,14.95,bad
0.043,7.7,bad
0.033,1.3,bad
0.043,7.7,bad
0.148,1.3,bad
0.047,1.3,bad
0.046,1.3,bad
0.049,15.6,bad
0.049,15.6,bad
0.049,15.6,bad
0.049,15.6,bad
0.158,4.9,bad
0.157,5,bad
0.049,15.6,bad
0.037,6.5,good
0.047,1.4,good
0.047,2.7,bad
0.054,1.2,bad
0.037,6.5,good
0.031,6.4,good
0.041,6.9,bad
0.04,7.2,good
0.042,10.6,bad
0.027,3.5,good
0.031,6.4,good
0.043,2.3,good
0.058,12.05,bad
0.055,7,bad
0.051,11.8,bad
0.06,1.4,bad
0.04,5,good
0.049,2.2,bad
0.053,14.6,bad
0.045,1.6,bad
0.035,1.3,bad
0.053,14.6,bad
0.036,2.8,good
0.045,1.6,bad
0.029,3.3,good
0.032,6.3,bad
0.061,8.1,bad
0.038,1.6,good
0.045,10.6,bad
0.046,11.8,bad
0.035,1.7,good
0.037,8.1,bad
0.053,1.4,bad
0.036,1.3,bad
0.041,1.8,bad
0.045,7.2,bad
0.049,1.1,bad
0.038,11.95,bad
0.049,1.1,bad
0.038,11.95,bad
0.054,2.2,bad
0.05,12.7,bad
0.032,1.4,bad
0.049,10.6,bad
0.024,1.9,good
0.058,17.8,bad
0.048,10.2,bad
0.041,4.8,bad
0.067,9.8,bad
0.051,8.4,bad
0.041,7.2,bad
0.06,4.8,bad
0.051,8.4,bad
0.034,4.5,good
0.032,1.4,bad
0.041,7.2,bad
0.043,11,bad
0.039,11.1,bad
0.031,2.6,bad
0.029,2,bad
0.168,10.1,bad
0.048,13.3,bad
0.04,11.4,bad
0.06,1.3,bad
0.044,1.4,good
0.046,1.4,bad
0.024,7,good
0.051,2,bad
0.028,1.2,bad
0.04,12.9,bad
0.157,5,bad
0.05,10.1,bad
0.05,3.75,bad
0.035,1.7,bad
0.053,12.6,bad
0.06,1.3,bad
0.092,1.6,bad
0.05,7.6,bad
0.05,8.1,bad
0.037,14.9,bad
0.03,6,bad
0.039,6,good
0.099,7.2,bad
0.036,3,bad
0.034,1.2,bad
0.039,2,bad
0.036,4.9,bad
0.039,2,bad
0.05,8.9,bad
0.063,16.45,bad
0.084,2,bad
0.085,1.9,bad
0.042,5.1,bad
0.029,4.4,good
0.025,5.8,bad
0.029,4.4,good
0.042,12.9,bad
0.053,1.3,bad
0.053,1.3,bad
0.041,1.2,bad
0.042,2.7,good
0.042,1.7,good
0.043,8.2,bad
0.091,1.5,good
0.093,1.5,bad
0.056,12.9,bad
0.059,3.9,bad
0.047,17.75,bad
0.037,4.9,bad
0.024,1.6,bad
0.046,1.4,bad
0.047,2,bad
0.044,2,bad
0.038,8.2,bad
0.034,2.1,bad
0.046,1.8,bad
0.044,8.5,bad
0.033,4.45,bad
0.036,5.8,bad
0.044,13,bad
0.034,2.7,bad
0.047,7.3,bad
0.045,19.1,bad
0.08,8.8,bad
0.034,2.7,bad
0.095,7.4,bad
0.05,2.3,bad
0.047,6.85,bad
0.044,11.4,bad
0.032,0.9,bad
0.07,19.35,bad
0.031,7.9,good
0.045,11.75,bad
0.096,7.7,bad
0.036,3,bad
0.096,7.7,bad
0.036,3,bad
0.04,1.5,bad
0.04,7.5,bad
0.04,1.5,bad
0.04,7.5,bad
0.042,8.3,bad
0.045,7.05,bad
0.044,8.4,bad
0.054,13.9,bad
0.045,17.5,bad
0.034,5.6,bad
0.056,9.4,bad
0.05,4.8,bad
0.056,9.4,bad
0.042,9.7,bad
0.147,6.3,bad
0.028,1.6,bad
0.063,14.6,bad
0.052,2.5,bad
0.063,14.6,bad
0.051,2.6,bad
0.052,2.5,bad
0.042,8.2,bad
0.04,1.5,bad
0.043,2.3,bad
0.037,10,bad
0.037,10,bad
0.027,1.6,good
0.027,1.6,bad
0.036,16,bad
0.031,10.4,bad
0.037,7.4,bad
0.037,7.4,bad
0.031,10.4,bad
0.045,16.05,bad
0.045,16.05,bad
0.053,2.6,bad
0.053,2.5,bad
0.039,10.8,good
0.053,1.2,bad
0.041,12.1,bad
0.04,11.95,bad
0.038,1.7,bad
0.029,0.8,bad
0.049,1.4,bad
0.056,1.3,bad
0.022,6.3,good
0.032,10.3,bad
0.043,15.55,bad
0.035,1.5,good
0.071,1.5,bad
0.142,1.4,bad
0.035,1.5,good
0.047,7.9,bad
0.052,13,bad
0.049,1,bad
0.041,4.85,bad
0.047,7.1,bad
0.047,7.9,bad
0.05,7.5,bad
0.045,7.6,bad
0.079,10.3,bad
0.034,1.7,bad
0.034,1.7,bad
0.074,19.95,bad
0.036,7.7,bad
0.075,5.3,bad
0.074,19.95,bad
0.054,12.7,bad
0.054,12.7,bad
0.043,1.5,bad
0.031,11.3,bad
0.046,18.1,bad
0.046,18.1,bad
0.039,7,bad
0.046,18.1,bad
0.039,6.4,bad
0.045,1.4,bad
0.045,1.4,bad
0.054,3.1,bad
0.053,14.1,bad
0.044,7.7,bad
0.032,5.2,good
0.045,11.6,bad
0.053,10.4,bad
0.045,7.5,bad
0.058,11.2,bad
0.043,0.8,bad
0.032,1.4,bad
0.029,4.7,good
0.018,3.1,good
0.038,4,bad
0.034,11.3,bad
0.018,3.1,good
0.04,8.1,bad
0.054,14.8,bad
0.029,1.4,good
0.121,8.1,good
0.053,3.5,bad
0.054,14.8,bad
0.121,8.1,good
0.029,1.4,good
0.036,1.5,bad
0.037,1.5,bad
0.044,12.8,bad
0.036,1.6,bad
0.049,7.1,bad
0.049,7.1,bad
0.046,11.2,bad
0.043,1.7,good
0.029,6.7,bad
0.046,17.3,bad
0.032,8.6,bad
0.032,8.6,bad
0.028,1.5,bad
0.03,12.1,bad
0.029,6.7,bad
0.029,10.7,bad
0.046,17.3,bad
0.036,1.8,bad
0.041,1.4,bad
0.046,7.5,bad
0.052,4.8,bad
0.045,7.1,bad
0.052,16.9,bad
0.052,4.8,bad
0.045,7.1,bad
0.046,11.3,bad
0.043,1.1,good
0.043,1.2,good
0.043,1.1,good
0.033,12.9,bad
0.043,1.2,good
0.043,1.1,good
0.079,1.2,bad
0.03,2.3,bad
0.052,10,bad
0.03,2.3,bad
0.079,1.2,bad
0.037,1.4,bad
0.048,14.9,bad
0.021,1.8,good
0.028,1.8,bad
0.043,7,bad
0.034,8.6,bad
0.028,1.8,bad
0.032,1.1,bad
0.026,1.3,bad
0.035,4.9,bad
0.043,1.9,bad
0.038,10.4,bad
0.039,10,bad
0.037,8.6,bad
0.014,1.7,good
0.156,1.7,bad
0.053,18.95,bad
0.062,12.8,good
0.062,12.8,good
0.062,12.8,good
0.062,12.8,good
0.062,12.8,good
0.062,12.8,good
0.039,0.7,bad
0.062,12.8,good
0.068,1.4,bad
0.05,13.3,bad
0.059,8.5,good
0.038,1.5,bad
0.048,11.7,bad
0.028,5,good
0.042,1.2,bad
0.046,2.1,bad
0.023,1.4,bad
0.046,2.1,bad
0.034,16,bad
0.042,1.1,good
0.031,15.3,bad
0.023,1.4,bad
0.025,2.8,good
0.025,2.8,good
0.019,0.9,bad
0.028,2.5,bad
0.024,8.1,bad
0.024,8.2,bad
0.019,0.9,bad
0.053,11.1,bad
0.038,7.8,bad
0.025,2.8,good
0.05,10.1,bad
0.021,3.2,bad
0.039,14.2,good
0.039,14.2,good
0.039,14.2,good
0.026,2.9,good
0.063,6,bad
0.041,20.4,bad
0.05,10.1,bad
0.026,2.9,good
0.039,14.2,good
0.021,3.2,bad
0.033,0.95,bad
0.033,1.7,good
0.029,1.7,good
0.03,9,bad
0.044,1.3,bad
0.027,1.4,bad
0.012,2.4,good
0.065,16,bad
0.034,11.4,bad
0.044,14.35,bad
0.062,2.1,bad
0.034,11.4,bad
0.044,14.35,bad
0.023,1.1,bad
0.034,1.1,bad
0.028,1.2,bad
0.042,15.8,bad
0.066,5.2,bad
0.047,5.2,bad
0.119,9.6,bad
0.048,5.2,good
0.046,1.2,good
0.037,0.8,bad
0.057,14.45,bad
0.119,9.6,bad
0.066,6.9,bad
0.069,3.4,bad
0.018,2.3,good
0.042,11,bad
0.081,5.95,bad
0.034,5.1,bad
0.039,5.4,bad
0.05,1.2,good
0.052,12.6,good
0.033,1,bad
0.067,6.6,bad
0.041,1.5,bad
0.043,1,bad
0.033,1.1,good
0.03,6.6,good
0.05,8.2,bad
0.03,2,good
0.039,1.4,good
0.039,2,bad
0.046,7.5,bad
0.03,2,good
0.03,2,good
0.049,13.3,good
0.037,2.85,bad
0.032,5.6,good
0.033,5.6,good
0.031,1,bad
0.03,3.2,bad
0.042,1,bad
0.041,7.1,bad
0.029,2.4,bad
0.061,11.2,bad
0.03,9.5,bad
0.042,1,bad
0.026,1.8,bad
0.029,2.6,good
0.029,2.4,bad
0.042,8,bad
0.061,11.2,bad
0.041,7.1,bad
0.041,3.3,bad
0.03,10.3,bad
0.024,1.2,bad
0.036,1.6,bad
0.03,10.3,bad
0.025,9.65,bad
0.048,16.4,bad
0.043,1.5,bad
0.024,1.2,bad
0.041,3.3,bad
0.027,5,good
0.038,16.3,bad
0.038,16.3,bad
0.038,16.3,bad
0.17,6.5,bad
0.171,6.4,bad
0.045,10.2,bad
0.038,16.3,bad
0.044,7.4,bad
0.044,13.7,bad
0.044,13.7,bad
0.049,1.3,bad
0.045,7.4,bad
0.044,7.4,bad
0.043,7.45,bad
0.04,7.2,bad
0.044,13.7,bad
0.046,10.4,bad
0.028,1.1,bad
0.029,6.5,bad
0.027,4.6,good
0.043,13.9,bad
0.03,5.2,good
0.038,1.7,bad
0.029,6.5,bad
0.045,16.4,bad
0.036,3.6,bad
0.041,1.5,bad
0.051,12.4,bad
0.035,1.7,good
0.06,6.2,bad
0.051,6.2,bad
0.049,2.6,bad
0.035,1.7,good
0.048,9.3,bad
0.051,12.4,bad
0.041,1.5,bad
0.047,9.1,good
0.067,12,bad
0.034,4.8,good
0.048,12.3,bad
0.067,12,bad
0.048,2.7,bad
0.034,3.6,bad
0.034,3.6,bad
0.032,4.3,good
0.045,1.8,bad
0.057,11.8,bad
0.045,1.8,good
0.057,11.8,bad
0.045,1.8,good
0.036,1.4,bad
0.025,6.6,bad
0.026,1.55,good
0.027,0.7,bad
0.082,6.4,bad
0.059,11.8,bad
0.038,4.3,bad
0.039,5.1,bad
0.055,5.8,bad
0.054,5.9,bad
0.06,1.3,bad
0.05,1.4,bad
0.048,1.2,bad
0.05,7.4,bad
0.028,10.8,bad
0.034,1.8,bad
0.05,7.4,bad
0.048,1.2,bad
0.05,1.4,bad
0.048,14.4,good
0.052,1.7,bad
0.026,3.6,good
0.035,3.6,good
0.045,10.05,good
0.045,10.05,good
0.045,10.5,good
0.043,1.9,bad
0.035,3.6,good
0.025,1.65,bad
0.036,1.9,bad
0.074,65.8,bad
0.053,6.85,bad
0.053,7.4,bad
0.053,7.4,bad
0.083,20.2,bad
0.034,11,bad
0.083,20.2,bad
0.066,6.2,bad
0.065,6.2,bad
0.053,6.85,bad
0.047,8,bad
0.046,8.2,bad
0.033,2.2,good
0.053,10.1,bad
0.028,7.2,good
0.033,2.2,good
0.053,10.1,bad
0.036,1.6,good
0.036,1.3,good
0.047,8,bad
0.046,8.2,bad
0.038,5.3,bad
0.031,14,good
0.028,7.2,good
0.04,1.6,bad
0.038,11.8,bad
0.039,9.6,bad
0.042,6.1,bad
0.049,2.7,good
0.025,3.6,good
0.03,1.7,bad
0.026,1.6,bad
0.049,2.7,good
0.032,1,good
0.038,0.9,bad
0.052,1.6,bad
0.032,1,good
0.052,10.6,bad
0.042,2,bad
0.152,1.2,bad
0.056,6.2,bad
0.044,9.2,bad
0.04,5,bad
0.047,6.3,bad
0.048,3.3,bad
0.053,8,bad
0.034,1.2,good
0.034,1.2,good
0.044,16.2,bad
0.05,11.6,bad
0.064,7.2,bad
0.031,1.1,bad
0.048,3.4,good
0.041,1.4,bad
0.048,3.3,bad
0.053,8,bad
0.05,9.3,bad
0.033,2.3,good
0.034,0.9,good
0.036,3.5,bad
0.036,1.7,bad
0.047,1.3,bad
0.046,1.3,bad
0.049,5.6,bad
0.028,7.4,good
0.033,2.3,good
0.035,1,bad
0.033,1.5,bad
0.169,10,bad
0.053,14.9,bad
0.052,9.3,bad
0.041,1,bad
0.028,1,bad
0.047,5.9,bad
0.027,5,good
0.034,1.25,good
0.027,3.9,good
0.027,5,good
0.034,0.8,bad
0.037,1,bad
0.047,5.9,bad
0.028,1.6,bad
0.036,1.3,bad
0.028,1,bad
0.032,1.1,bad
0.034,1.25,good
0.021,1.4,good
0.018,1.2,bad
0.028,5,bad
0.021,1.4,good
0.037,1.7,bad
0.029,1.8,good
0.045,1.6,good
0.03,1.5,good
0.037,1.7,bad
0.04,13.9,bad
0.045,5.9,bad
0.027,2.1,bad
0.029,1.1,bad
0.039,6.7,bad
0.033,2.7,good
0.039,6.7,bad
0.047,3.95,good
0.032,7.75,good
0.033,10.6,bad
0.042,1.6,bad
0.032,2.5,bad
0.04,0.7,bad
0.032,11.1,bad
0.035,5.15,good
0.041,4.7,bad
0.054,9.7,bad
0.038,1.7,good
0.044,1.4,good
0.054,2,bad
0.055,7.5,bad
0.054,9.7,bad
0.032,0.8,bad
0.05,13.1,bad
0.031,1.1,bad
0.028,2.2,good
0.036,8.9,bad
0.035,1.1,bad
0.034,0.9,good
0.073,1.7,bad
0.047,6.9,bad
0.035,1.1,bad
0.031,1,bad
0.031,1,bad
0.031,7.6,bad
0.036,8.9,bad
0.028,2.2,good
0.046,1.2,bad
0.041,1,bad
0.041,1,bad
0.053,3.1,bad
0.033,1.95,good
0.019,2.2,bad
0.038,8.75,bad
0.032,11.9,bad
0.054,2.7,bad
0.014,5.45,good
0.029,6.3,bad
0.046,14.4,bad
0.038,7.8,bad
0.028,1.6,good
0.036,9.1,good
0.036,9.1,good
0.046,14.4,bad
0.041,1.3,good
0.028,1.6,good
0.038,11.3,bad
0.029,6.3,bad
0.028,0.7,bad
0.023,1.25,bad
0.03,0.7,bad
0.038,7.8,bad
0.039,10.3,good
0.039,10.3,good
0.036,7.8,bad
0.022,8.7,bad
0.037,8.3,bad
0.039,10.3,good
0.036,7.8,bad
0.016,1.2,good
0.026,8.3,bad
0.026,8.3,bad
0.049,6.2,bad
0.078,5,bad
0.042,1.8,bad
0.044,1.6,bad
0.041,1.8,bad
0.042,1.8,bad
0.036,2.9,good
0.042,6,bad
0.034,0.9,bad
0.031,1.1,bad
0.044,1.6,bad
0.016,5.45,good
0.04,14.05,good
0.03,8,bad
0.112,13.1,bad
0.021,4.9,good
0.044,1.3,bad
0.021,2.2,good
0.051,14.9,bad
0.051,14.9,bad
0.021,0.95,bad
0.025,1.4,bad
0.021,0.95,bad
0.05,1.7,bad
0.039,5.6,bad
0.051,14.9,bad
0.056,7.1,bad
0.045,1.2,bad
0.026,9.6,bad
0.044,11.4,bad
0.044,11.4,bad
0.034,7.9,good
0.016,5,good
0.033,11.1,good
0.05,8,bad
0.029,3.8,bad
0.037,10.55,bad
0.039,10.2,good
0.039,10.2,good
0.039,9.8,good
0.034,6.3,good
0.036,1.1,bad
0.032,4.5,good
0.034,6.3,good
0.038,10.9,good
0.039,9.8,good
0.039,9.8,good
0.037,0.8,bad
0.034,0.8,good
0.035,1.2,bad
0.025,1.3,good
0.039,9.8,good
0.039,10.2,good
0.038,10.9,good
0.034,6.3,good
0.034,6.3,good
0.034,1.2,bad
0.037,0.9,bad
0.036,1.1,bad
0.032,4.5,good
0.03,3.7,good
0.054,18.1,bad
0.061,1.35,bad
0.029,5.5,bad
0.026,3.1,bad
0.042,12.85,bad
0.04,19.8,bad
0.02,8.25,bad
0.042,12.85,bad
0.035,3.8,bad
0.037,6.9,good
0.02,8.25,bad
0.029,11.7,bad
0.046,4.6,bad
0.05,4,bad
0.04,19.8,bad
0.042,12.85,bad
0.045,1.2,good
0.024,8.9,bad
0.035,11.7,bad
0.05,6.2,bad
0.024,14.8,good
0.024,14.8,good
0.042,10.8,bad
0.036,1.6,bad
0.045,8.3,bad
0.042,8.4,bad
0.026,2.5,good
0.054,3.5,bad
0.037,17.2,bad
0.027,2.1,bad
0.044,12.2,bad
0.045,11.8,bad
0.037,16.8,bad
0.037,17.2,bad
0.154,1.1,bad
0.044,14.7,bad
0.034,5.5,bad
0.027,6.1,bad
0.041,1.2,bad
0.023,1.3,bad
0.126,8.7,bad
0.039,1.7,bad
0.126,8.7,bad
0.043,10.2,good
0.042,4.5,bad
0.036,5.9,bad
0.024,1.7,bad
0.016,1.4,bad
0.026,5.4,bad
0.045,7.9,bad
0.026,1.1,bad
0.046,7,bad
0.046,7,bad
0.03,7.6,good
0.046,7,bad
0.038,12.3,bad
0.045,15.3,bad
0.038,12.3,bad
0.033,1.2,bad
0.033,2.3,bad
0.029,6.1,good
0.03,7.6,good
0.028,10.2,good
0.041,4.1,bad
0.039,2.9,bad
0.042,8.5,bad
0.042,1.5,good
0.039,3.1,bad
0.045,7.9,bad
0.028,3.5,bad
0.032,4.9,bad
0.026,1.1,bad
0.046,7,bad
0.029,1.2,bad
0.024,4.5,good
0.03,2.6,bad
0.036,9.9,bad
0.024,4.5,good
0.041,9.5,bad
0.024,1.5,bad
0.031,3.2,good
0.03,2.6,bad
0.04,11.2,bad
0.043,3.2,bad
0.045,2.3,good
0.032,4.9,bad
0.032,4.9,bad
0.034,1.4,good
0.045,1.5,bad
0.022,6.7,good
0.033,2.1,good
0.028,4.3,good
0.038,10.9,bad
0.04,7,bad
0.045,2.3,good
0.047,2.5,bad
0.045,2.6,bad
0.043,3.2,bad
0.047,2.5,bad
0.047,14.7,bad
0.054,4.5,bad
0.033,2.2,bad
0.036,1.9,good
0.043,1.6,bad
0.052,17.3,bad
0.04,4.2,bad
0.04,4.2,bad
0.034,2.5,good
0.036,1.9,good
0.031,1.4,good
0.027,0.8,bad
0.049,8,bad
0.043,1.6,bad
0.03,1.7,bad
0.037,5.5,bad
0.052,17.3,bad
0.052,8.6,bad
0.059,6.9,good
0.043,2.1,bad
0.039,2.2,bad
0.039,1.5,bad
0.047,2.5,bad
0.061,17.6,bad
0.04,4.2,bad
0.034,2.9,bad
0.043,4.8,bad
0.057,11.9,bad
0.04,0.9,bad
0.051,1.3,bad
0.042,6.4,bad
0.045,4.3,bad
0.057,11.9,bad
0.038,8.1,good
0.045,1.3,bad
0.04,0.9,bad
0.039,17.2,bad
0.039,17.2,bad
0.039,17.2,bad
0.038,8.7,bad
0.039,17.2,bad
0.038,8.7,bad
0.027,7.5,bad
0.039,17.2,bad
0.035,4.6,bad
0.029,3.7,bad
0.03,2.2,bad
0.02,7.4,good
0.033,15.1,bad
0.02,7.4,good
0.019,4.8,good
0.042,7.9,bad
0.023,1,bad
0.033,15.1,bad
0.02,7.4,good
0.019,4.8,good
0.024,4.6,bad
0.037,1.4,bad
0.031,6.2,bad
0.034,6.1,good
0.019,5.1,bad
0.043,6.3,bad
0.036,0.9,bad
0.048,2.3,bad
0.042,6.6,good
0.036,7.5,good
0.038,8.6,good
0.039,11.9,bad
0.048,2.3,bad
0.05,7.1,bad
0.051,4.3,bad
0.046,1.1,bad
0.027,1,bad
0.025,7.9,bad
0.038,1,bad
0.027,1,bad
0.04,1,good
0.041,7.3,bad
0.046,1.7,bad
0.027,1.3,good
0.055,6.4,good
0.035,1.8,bad
0.026,1.5,good
0.037,3.8,bad
0.025,7.9,bad
0.038,1,bad
0.036,1.2,bad
0.037,5.3,bad
0.044,9.1,good
0.027,6.5,bad
0.044,9.1,good
0.032,6.3,good
0.031,5.1,good
0.027,6.5,bad
0.022,2.4,good
0.044,9.1,good
0.035,7.5,bad
0.033,5,good
0.031,6.75,good
0.045,1.2,bad
0.045,1.6,bad
0.04,16.05,bad
0.053,5,bad
0.043,12.4,bad
0.041,0.95,bad
0.041,4.6,bad
0.033,1.7,bad
0.104,1,bad
0.044,1.3,bad
0.053,5,bad
0.142,2.5,bad
0.036,2.6,good
0.102,2.1,bad
0.034,12.75,bad
0.037,1.1,bad
0.043,12.4,bad
0.045,3.7,bad
0.041,2.65,good
0.046,2.5,bad
0.055,8.2,bad
0.054,7.3,bad
0.047,1.1,good
0.056,6.6,bad
0.038,7,bad
0.038,14.5,bad
0.035,11.8,bad
0.054,3,bad
0.045,3.7,bad
0.035,6,bad
0.039,4.6,good
0.059,2.5,bad
0.034,3.3,good
0.036,1,bad
0.036,1.1,good
0.036,1.4,bad
0.034,3.3,good
0.02,8.55,good
0.059,2.5,bad
0.034,6.7,bad
0.037,3.8,bad
0.039,4.5,good
0.039,4.6,good
0.043,4.2,bad
0.043,11.3,bad
0.025,5.5,good
0.029,4.2,good
0.042,2.2,bad
0.045,14.5,bad
0.045,14.5,bad
0.045,14.5,bad
0.045,14.5,bad
0.045,14.5,bad
0.045,14.5,bad
0.03,1.5,bad
0.047,18.75,good
0.03,3.6,good
0.035,1.4,bad
0.041,5.1,bad
0.03,10.5,bad
0.043,2,bad
0.051,2.6,bad
0.061,9.2,bad
0.044,1.8,bad
0.044,5.7,good
0.045,2.4,good
0.038,1.9,good
0.039,1.4,bad
0.043,0.9,bad
0.06,4.6,good
0.057,1.4,good
0.061,9.2,bad
0.065,1.4,bad
0.044,1.8,bad
0.051,2.3,bad
0.039,2.3,good
0.184,4.4,bad
0.035,6.4,bad
0.046,2.9,good
0.047,2.8,good
0.046,2.9,good
0.184,4.4,bad
0.044,8.2,bad
0.043,1,bad
0.044,2.9,good
0.046,7,bad
0.04,1.8,good
0.043,1.5,bad
0.046,7,bad
0.044,8.2,bad
0.047,7.6,bad
0.039,2.3,bad
0.029,8.7,good
0.043,1,bad
0.044,2.9,good
0.032,6.7,bad
0.032,5,good
0.033,1.9,good
0.022,2,good
0.033,1.9,good
0.037,8.5,bad
0.039,12.6,bad
0.039,5.2,good
0.048,2.1,good
0.047,1.1,good
0.032,1.3,good
0.042,1.1,good
0.058,9.2,bad
0.036,1.2,good
0.036,1.1,bad
0.043,8.3,bad
0.042,1.8,good
0.047,1.4,bad
0.05,15.7,bad
0.04,4.35,bad
0.039,1.8,good
0.037,1.6,bad
0.047,2,bad
0.035,5,good
0.042,1.8,bad
0.036,1.3,good
0.038,1,bad
0.049,1.4,bad
0.048,8.1,bad
0.046,8.6,bad
0.059,3.7,good
0.047,5.7,bad
0.034,2.35,bad
0.048,13.65,bad
0.048,13.65,bad
0.048,13.65,bad
0.046,15.2,bad
0.05,4.6,bad
0.048,1.2,bad
0.05,4.6,bad
0.059,6.65,bad
0.048,13.55,good
0.048,13.65,bad
0.058,9.8,bad
0.057,10.3,bad
0.055,6.7,bad
0.046,15.2,bad
0.047,9.9,bad
0.06,7.2,bad
0.034,1.1,bad
0.034,8.3,bad
0.032,11.25,bad
0.038,12.8,good
0.026,9.65,bad
0.048,12.6,bad
0.033,12.2,good
0.034,8.3,bad
0.032,11.25,bad
0.033,1.3,good
0.047,9.9,bad
0.06,7.2,bad
0.034,1.1,bad
0.033,1.1,bad
0.033,4.8,good
0.032,1.1,bad
0.033,1.4,bad
0.041,1.7,bad
0.039,10.6,good
0.033,1.4,bad
0.032,1.1,bad
0.051,5.55,bad
0.034,2.1,good
0.045,1.7,bad
0.047,9,bad
0.041,1.7,bad
0.05,1.8,bad
0.03,4.7,good
0.046,11.3,bad
0.04,3.6,good
0.045,6.9,good
0.04,3.6,good
0.046,4.9,bad
0.044,6.95,bad
0.037,1.9,bad
0.03,4.7,good
0.046,11.3,bad
0.096,1.8,bad
0.026,11.3,good
0.026,8.2,bad
0.026,8.3,good
0.036,9.55,bad
0.03,8.4,bad
0.048,7.8,bad
0.047,7.8,bad
0.032,10.2,bad
0.042,5.5,bad
0.052,7.8,bad
0.037,7.4,bad
0.054,3.3,bad
0.028,5,bad
0.054,3.3,bad
0.024,5,bad
0.034,1.3,bad
0.037,1.2,bad
0.037,7.4,bad
0.052,7.8,bad
0.041,9.9,bad
0.051,0.7,bad
0.032,4.6,good
0.036,5.6,bad
0.042,9.5,bad
0.05,14.8,bad
0.032,4.6,good
0.031,2.1,good
0.032,11.6,bad
0.03,1.2,bad
0.032,11.6,bad
0.031,2.1,good
0.06,20.15,bad
0.059,4.7,good
0.026,4.3,good
0.051,14.5,bad
0.034,4.9,bad
0.047,14.55,bad
0.047,14.55,bad
0.039,10.05,bad
0.034,4.9,bad
0.051,14.5,bad
0.047,14.55,bad
0.047,15.25,bad
0.044,3.15,bad
0.037,1.3,good
0.076,5.2,bad
0.034,1.1,bad
0.041,7.1,bad
0.052,8.8,bad
0.057,18.5,bad
0.052,8.8,bad
0.04,1.4,bad
0.04,1.2,bad
0.035,5,good
0.042,1.6,bad
0.057,18.75,bad
0.033,6,good
0.057,9.4,bad
0.044,9.7,bad
0.034,4.75,good
0.033,6,good
0.029,5.35,good
0.029,5.35,good
0.047,6.8,bad
0.038,6.9,bad
0.033,1.4,bad
0.031,0.9,bad
0.042,1.2,bad
0.037,1.3,good
0.027,2.6,good
0.056,12,bad
0.055,9.85,bad
0.042,3.85,good
0.04,2,bad
0.035,1.6,good
0.046,7.8,bad
0.04,1.9,bad
0.04,2,bad
0.047,10.3,bad
0.031,1.1,good
0.056,12,bad
0.042,3.85,good
0.055,9.85,bad
0.045,2,bad
0.038,4,good
0.064,1.1,bad
0.06,10.4,bad
0.032,6.1,good
0.037,1.8,good
0.06,10.4,bad
0.039,4.7,good
0.038,4,good
0.047,1.1,bad
0.033,6.4,good
0.035,8.15,good
0.032,6.1,good
0.056,4.8,good
0.039,1.2,bad
0.064,1.1,bad
0.036,1.4,bad
0.041,7.4,good
0.037,1.8,good
0.057,1,bad
0.036,15.5,good
0.036,15.5,good
0.042,8.4,bad
0.042,2.4,good
0.038,3.95,good
0.032,19.95,bad
0.052,2,bad
0.036,3,good
0.036,15.5,good
0.042,8.4,bad
0.054,14.3,bad
0.04,4.2,good
0.029,1.4,good
0.031,3,good
0.042,4.9,bad
0.036,2.4,good
0.054,14.3,bad
0.046,10.7,bad
0.041,11,bad
0.046,1.4,good
0.043,1.2,bad
0.032,12.9,bad
0.03,10.8,bad
0.031,1.3,good
0.044,2,good
0.036,1.8,good
0.05,1.2,bad
0.038,7.5,good
0.048,9.7,bad
0.038,3.8,good
0.048,7.2,bad
0.048,9.7,bad
0.028,6.3,bad
0.028,6.3,bad
0.024,0.8,bad
0.053,8.6,bad
0.036,6.3,bad
0.034,3.1,good
0.046,7.2,bad
0.048,7.1,bad
0.036,6.4,bad
0.045,14.7,bad
0.046,7.2,bad
0.048,7.1,bad
0.032,1.9,bad
0.146,1.2,bad
0.029,4.8,good
0.031,1.2,bad
0.024,3.4,bad
0.03,4.3,bad
0.036,8.5,bad
0.031,1.8,bad
0.031,1.8,bad
0.039,19.5,bad
0.036,8.5,bad
0.039,19.9,bad
0.029,8.3,bad
0.031,1.8,bad
0.022,1.1,bad
0.044,16.65,bad
0.044,16.65,bad
0.044,16.65,bad
0.023,0.9,bad
0.042,6.1,bad
0.037,10.2,good
0.023,0.9,bad
0.044,16.65,bad
0.031,3.85,bad
0.032,4.4,bad
0.05,4.5,bad
0.028,3.2,bad
0.05,4.5,bad
0.032,4.4,bad
0.036,9.7,bad
0.029,4.2,bad
0.031,4.2,bad
0.035,1.1,good
0.036,9.7,bad
0.031,4.2,bad
0.033,5.6,bad
0.029,4.2,bad
0.027,1.6,bad
0.036,1.6,bad
0.027,1.1,good
0.048,14.6,bad
0.035,2.6,good
0.038,1.2,bad
0.028,7.25,good
0.026,6.55,bad
0.023,7,good
0.037,1.5,bad
0.041,1.4,bad
0.028,7.25,good
0.032,1,good
0.044,4.2,good
0.042,17.5,bad
0.042,17.5,bad
0.042,17.5,bad
0.037,1.5,good
0.053,1.3,bad
0.043,3.9,good
0.044,4.2,good
0.049,7.6,good
0.031,1,good
0.034,1.1,good
0.042,11.8,bad
0.033,1.4,good
0.053,9.7,bad
0.049,12.9,bad
0.039,1.6,good
0.038,7.2,bad
0.027,7.1,good
0.017,1.9,bad
0.056,8.8,bad
0.047,7.2,bad
0.047,1.4,bad
0.044,14.3,bad
0.044,14.3,bad
0.056,8.8,bad
0.047,1.4,bad
0.046,1.8,bad
0.044,14.3,bad
0.047,7.2,bad
0.037,1.2,bad
0.041,11.8,bad
0.041,0.9,bad
0.044,12.6,good
0.031,26.05,bad
0.04,4.7,good
0.044,12.6,good
0.037,1.2,bad
0.031,26.05,bad
0.029,6.1,good
0.041,11.8,bad
0.041,0.9,bad
0.117,5.6,bad
0.117,5.3,bad
0.118,5.7,bad
0.036,8,bad
0.036,8,bad
0.045,17.6,bad
0.036,8,bad
0.021,8.8,good
0.02,1.5,bad
0.02,1.4,good
0.018,4.8,good
0.014,2.4,good
0.017,3.7,bad
0.047,4.9,bad
0.052,5.7,bad
0.052,5.7,bad
0.047,4.9,bad
0.046,2,good
0.039,5.1,bad
0.031,4.5,good
0.037,3.2,good
0.032,6.65,bad
0.035,1.6,bad
0.037,4,bad
0.06,17.75,bad
0.036,1.4,bad
0.06,17.75,bad
0.047,7.2,bad
0.038,5.7,good
0.03,8.5,good
0.035,11.4,good
0.043,5.4,good
0.036,2.7,good
0.032,4.3,good
0.049,1.2,bad
0.05,1.8,bad
0.034,1.3,bad
0.035,5.7,good
0.036,2.7,good
0.038,11.7,good
0.032,4.3,good
0.03,11,bad
0.029,1.6,good
0.044,11.6,bad
0.025,6.2,good
0.032,1.8,good
0.029,1.2,good
0.053,1,bad
0.049,2.4,bad
0.029,1.2,good
0.032,8.2,bad
0.085,18.8,bad
0.037,9.6,good
0.044,12.9,bad
0.027,9.2,good
0.051,1.2,good
0.044,12.9,bad
0.028,8,good
0.044,12.9,bad
0.087,1.6,bad
0.03,12,bad
0.04,2.5,bad
0.027,9.2,good
0.027,4.4,good
0.027,8.8,bad
0.037,9.6,good
0.028,8,good
0.085,18.8,bad
0.053,1.3,bad
0.051,1.2,good
0.044,12.9,bad
0.036,1.2,bad
0.087,1.6,bad
0.076,1.5,bad
0.05,18.15,bad
0.05,13.1,bad
0.05,13.1,bad
0.05,13.1,bad
0.05,13.1,bad
0.037,1,bad
0.041,1.6,bad
0.088,11.8,bad
0.039,1.4,bad
0.02,1,bad
0.05,13.1,bad
0.045,10.6,bad
0.049,10.4,bad
0.028,1.1,bad
0.036,7.4,bad
0.041,1.2,bad
0.053,3.4,bad
0.05,18.15,bad
0.038,8,bad
0.024,2.5,good
0.068,2,bad
0.069,2,bad
0.036,6.9,good
0.051,1.2,bad
0.028,9.4,bad
0.03,2.9,good
0.036,6.9,good
0.028,5.4,good
0.044,1.3,bad
0.035,20.8,bad
0.041,10.3,bad
0.044,1.3,bad
0.029,1.6,bad
0.042,13.1,bad
0.16,1.8,bad
0.026,8,bad
0.167,1.6,bad
0.034,1.4,bad
0.051,14.7,good
0.051,14.7,good
0.051,14.7,good
0.051,14.7,good
0.051,14.7,good
0.051,14.7,good
0.051,14.7,good
0.04,1.8,bad
0.07,10.6,bad
0.055,12.5,bad
0.051,6.8,bad
0.051,14.7,good
0.039,2.9,bad
0.04,1.4,bad
0.042,1.4,bad
0.026,2.1,good
0.015,7.4,bad
0.039,2.9,bad
0.04,1.4,bad
0.042,1.4,bad
0.015,7.4,bad
0.016,5,bad
0.028,2.5,good
0.025,6.1,bad
0.017,2.7,bad
0.026,2.1,good
0.033,12.9,bad
0.033,12.9,bad
0.033,12.9,bad
0.035,13.7,bad
0.033,12.9,bad
0.014,2.4,bad
0.042,9.8,bad
0.035,13.7,bad
0.009,1.3,bad
0.04,12.1,bad
0.018,6.1,bad
0.04,7.7,bad
0.018,6.1,bad
0.022,1.4,good
0.022,7.7,good
0.04,12.1,bad
0.02,6.8,bad
0.018,9.2,bad
0.05,8.3,bad
0.064,17.4,bad
0.027,2.7,good
0.037,12.8,bad
0.043,8.2,bad
0.044,8.1,bad
0.047,8.2,bad
0.05,8.3,bad
0.051,8,bad
0.043,11.8,bad
0.049,12,bad
0.046,1.7,bad
0.064,17.4,bad
0.056,13.9,bad
0.098,10.7,bad
0.057,2,bad
0.042,2.2,bad
0.036,1.3,bad
0.033,1.1,bad
0.057,2,bad
0.042,6.4,bad
0.036,1.3,bad
0.033,1.1,bad
0.098,10.7,bad
0.041,6.4,bad
0.042,6.3,bad
0.042,6.4,bad
0.06,15.1,bad
0.052,2,bad
0.057,2,bad
0.042,2.2,bad
0.049,12.1,bad
0.042,8.8,good
0.045,8.8,bad
0.036,5.1,bad
0.034,6.8,bad
0.034,6.8,bad
0.039,3.7,bad
0.042,12.2,bad
0.033,5.7,bad
0.052,8.1,bad
0.042,2.5,good
0.034,4,bad
0.034,6.8,bad
0.053,1,bad
0.036,5.1,bad
0.035,5.8,good
0.034,10.6,good
0.086,3.5,bad
0.086,3.5,bad
0.058,16.4,bad
0.052,4.8,bad
0.052,3.3,bad
0.05,1.2,bad
0.05,1.2,bad
0.052,4.8,bad
0.052,3.3,bad
0.028,2.5,bad
0.036,8.7,bad
0.032,1.6,bad
0.028,4,good
0.028,2.5,bad
0.055,16.2,bad
0.023,9,bad
0.055,16.2,bad
0.194,1.4,bad
0.047,7,bad
0.023,9,bad
0.03,3.1,good
0.037,1.5,bad
0.031,4.6,good
0.03,4.8,bad
0.032,4.6,bad
0.037,1.5,bad
0.049,2.7,bad
0.039,6.3,bad
0.048,7.2,bad
0.048,7.2,bad
0.054,12.4,bad
0.045,6.6,bad
0.045,6.6,bad
0.038,4,good
0.04,4.8,bad
0.048,1.3,bad
0.048,7.2,bad
0.056,11.1,bad
0.054,12.4,bad
0.055,9.8,bad
0.045,6.6,bad
0.054,13.3,bad
0.094,11.7,bad
0.062,8,bad
0.057,1.6,good
0.059,16.55,bad
0.053,1.5,bad
0.069,10.2,bad
0.054,6.6,bad
0.047,17.8,bad
0.047,17.8,bad
0.049,1.5,bad
0.045,7.4,bad
0.047,17.8,bad
0.029,2,bad
0.045,7.4,bad
0.029,2,bad
0.047,17.8,bad
0.046,12.1,bad
0.043,8.2,bad
0.049,1.5,bad
0.036,8.7,bad
0.044,3.5,bad
0.031,6.4,bad
0.021,2.1,bad
0.038,7.7,bad
0.035,12.3,bad
0.035,1.3,good
0.036,8.7,bad
0.044,3.5,bad
0.013,1.1,bad
0.144,2.8,bad
0.071,3.5,bad
0.036,1.9,good
0.036,3.8,good
0.036,3.8,good
0.038,2.4,good
0.037,4.8,good
0.037,4.8,good
0.04,6.2,bad
0.149,1.3,bad
0.036,3.8,good
0.054,1.5,bad
0.037,4.8,good
0.036,1.9,good
0.04,6.2,bad
0.056,7.9,bad
0.037,1.6,good
0.035,1.4,bad
0.05,2.6,bad
0.057,14.8,bad
0.038,2.4,good
0.045,0.9,bad
0.045,0.9,bad
0.031,1.2,bad
0.056,9.9,bad
0.046,3.9,bad
0.063,15.6,bad
0.063,15.6,bad
0.03,1.5,bad
0.036,1.6,bad
0.05,7.8,good
0.039,5.6,bad
0.04,1.3,bad
0.046,16.7,bad
0.042,7.95,bad
0.185,6.7,bad
0.04,1.1,bad
0.048,6.3,bad
0.053,8.9,bad
0.068,1,bad
0.053,1.5,bad
0.046,6.6,bad
0.048,6.2,bad
0.048,6.3,bad
0.042,2.1,bad
0.042,2.2,good
0.045,5.4,bad
0.053,8.9,bad
0.068,1,bad
0.066,17.9,bad
0.043,2.6,bad
0.038,1.3,good
0.066,17.9,bad
0.043,2.6,bad
0.05,2.3,bad
0.026,4.3,bad
0.048,7.1,bad
0.048,7.1,bad
0.04,11.9,bad
0.084,11.7,bad
0.032,5.8,good
0.044,3.8,good
0.056,12.4,bad
0.05,6.5,bad
0.048,7.1,bad
0.049,7.6,bad
0.049,7.9,bad
0.034,2.8,bad
0.035,10.6,good
0.034,2.8,bad
0.175,1.5,bad
0.049,7.6,bad
0.049,7.9,bad
0.033,1.7,good
0.025,7.6,good
0.03,7.5,bad
0.04,1.7,good
0.034,1.7,bad
0.035,12.1,bad
0.036,4.5,good
0.033,1.7,good
0.043,8,bad
0.025,7.6,good
0.044,8.6,bad
0.044,8.6,bad
0.048,14.6,bad
0.048,1.6,bad
0.044,8.6,bad
0.048,14.6,bad
0.06,1.1,bad
0.041,3.7,good
0.048,8.9,good
0.048,8.9,good
0.038,4.7,bad
0.048,8.9,good
0.041,3.1,good
0.053,5.8,bad
0.053,5.8,bad
0.053,5.8,bad
0.062,1,bad
0.052,15.8,bad
0.047,1.5,bad
0.042,5.2,good
0.047,1.5,bad
0.037,2.5,bad
0.062,1,bad
0.052,15.8,bad
0.054,5.9,bad
0.044,3.1,bad
0.041,3.1,good
0.053,5.8,bad
0.051,11.5,bad
0.054,18,bad
0.054,4.8,bad
0.055,8.5,bad
0.037,1.6,bad
0.054,18,bad
0.054,4.8,bad
0.056,5.9,bad
0.062,1.1,bad
0.055,8.5,bad
0.033,13.1,bad
0.046,4.1,bad
0.029,2.9,bad
0.033,13.1,bad
0.052,1.1,bad
0.029,1.5,bad
0.031,7.75,bad
0.023,1.15,bad
0.06,1,bad
0.034,17.8,bad
0.021,5.7,bad
0.034,17.8,bad
0.032,7.4,bad
0.041,1.4,bad
0.044,1.4,bad
0.06,1,bad
0.033,4.4,bad
0.052,1.6,bad
0.053,7.9,bad
0.05,15.5,good
0.05,15.5,good
0.05,15.5,good
0.05,15.5,good
0.05,17.55,good
0.038,13.5,bad
0.038,13.5,bad
0.034,1.3,bad
0.05,15.5,good
0.028,11.6,bad
0.053,7.9,bad
0.05,15.5,good
0.05,17.55,good
0.028,11.6,bad
0.032,13.15,bad
0.036,1.9,bad
0.038,13.5,bad
0.034,1.3,bad
0.048,6.1,bad
0.048,6.1,bad
0.036,1.9,bad
0.09,1.9,bad
0.032,1.6,bad
0.029,11.3,good
0.057,8.4,bad
0.062,8.3,bad
0.057,8.4,bad
0.049,12.2,bad
0.048,8,bad
0.048,1.3,bad
0.043,12.7,good
0.054,1.3,bad
0.06,10.5,bad
0.049,12.5,bad
0.05,9.6,bad
0.044,1.5,bad
0.044,1.5,bad
0.052,7.8,bad
0.05,10.8,bad
0.049,12.5,bad
0.046,8.6,bad
0.052,1.2,bad
0.048,14.5,good
0.048,3.7,bad
0.058,1.1,bad
0.059,1.1,bad
0.047,3.8,bad
0.098,4.6,bad
0.07,10.2,bad
0.057,7.9,bad
0.059,2.4,bad
0.11,10.7,bad
0.03,4.9,good
0.11,10.7,bad
0.054,1.1,bad
0.057,7.9,bad
0.046,5.6,bad
0.059,2.4,bad
0.037,14.2,bad
0.057,9.5,bad
0.057,9.5,bad
0.03,4.1,good
0.035,4.7,good
0.039,1.4,good
0.041,0.9,bad
0.037,20.3,bad
0.035,3.5,bad
0.043,2.7,bad
0.053,1.2,bad
0.04,1.2,bad
0.041,2,bad
0.041,1.1,bad
0.046,1.5,bad
0.041,1.2,bad
0.069,18.1,bad
0.069,18.1,bad
0.046,3.6,good
0.046,3.5,good
0.049,12.1,bad
0.054,17.45,bad
0.059,12.1,bad
0.095,3,bad
0.052,1.6,good
0.048,5.7,bad
0.047,5.6,bad
0.059,6.8,bad
0.054,15.6,bad
0.02,6,good
0.032,1.8,bad
0.048,8.6,bad
0.048,8.6,bad
0.04,11.5,bad
0.038,7.8,bad
0.046,2.4,bad
0.035,5,bad
0.048,8.6,bad
0.041,1.5,bad
0.054,5.4,good
0.052,11.9,bad
0.052,11.9,bad
0.051,9,bad
0.055,10,bad
0.052,11.9,bad
0.052,11.9,bad
0.064,15.5,good
0.054,5.4,good
0.055,15,bad
0.038,1.4,good
0.046,9.4,bad
0.032,3.7,bad
0.055,15,bad
0.049,1.4,bad
0.048,6.5,bad
0.049,1.4,bad
0.047,6.3,bad
0.056,13.7,good
0.056,13.7,good
0.056,13.7,good
0.056,13.7,good
0.056,13.7,good
0.056,13.7,good
0.061,1.5,bad
0.063,1.6,bad
0.05,1.4,good
0.044,3.5,good
0.04,1,good
0.039,1.4,bad
0.035,1.5,good
0.056,13.7,good
0.04,1.6,bad
0.06,5.2,bad
0.174,1.4,bad
0.05,11.9,bad
0.048,2.4,good
0.049,3.2,bad
0.037,1.7,bad
0.038,4.2,good
0.052,15.4,bad
0.053,13,bad
0.039,5.6,bad
0.055,9.7,bad
0.041,2.5,good
0.04,4,good
0.052,15.4,bad
0.043,1.2,bad
0.037,2,bad
0.048,1.2,bad
0.097,5.1,bad
0.04,1.4,bad
0.05,1.2,bad
0.044,6.5,bad
0.045,1.3,bad
0.044,6.5,bad
0.04,2.7,good
0.036,1.3,bad
0.053,7.4,bad
0.049,12.9,bad
0.045,1.3,bad
0.044,1.2,bad
0.033,2.6,bad
0.044,2.3,bad
0.054,1.3,bad
0.044,10.5,bad
0.033,2.6,bad
0.05,14.4,bad
0.036,1.2,good
0.023,3.1,bad
0.024,1.7,bad
0.05,6,bad
0.041,11.8,bad
0.052,6.2,bad
0.142,1.4,bad
0.056,12.1,bad
0.056,12.1,bad
0.056,12.1,bad
0.06,3.9,bad
0.041,4.6,bad
0.056,12.1,bad
0.046,1.2,bad
0.038,8.1,bad
0.06,3.9,bad
0.029,1.1,bad
0.029,6.5,good
0.056,10.1,bad
0.056,10.7,good
0.047,3.2,good
0.048,12.4,bad
0.046,5.2,bad
0.045,5,bad
0.066,2.5,bad
0.036,9.2,bad
0.052,6.9,bad
0.05,2,bad
0.04,15,bad
0.04,15,bad
0.03,1.2,bad
0.04,15,bad
0.041,1.8,good
0.042,10.8,bad
0.034,3.9,bad
0.037,4.2,good
0.019,2,bad
0.038,13.5,bad
0.037,13.3,bad
0.023,2.2,bad
0.145,1.4,bad
0.04,1.6,bad
0.044,2.2,bad
0.053,14.8,bad
0.047,1.8,bad
0.053,14.8,bad
0.036,1.3,bad
0.058,9.9,bad
0.051,5.1,bad
0.051,5.1,bad
0.033,1.5,bad
0.034,1.5,bad
0.036,11.1,bad
0.038,5.25,bad
0.042,2.3,good
0.036,7.9,bad
0.036,8,bad
0.042,1.4,bad
0.038,5.25,bad
0.042,2.3,good
0.044,2.3,good
0.04,3.5,bad
0.045,13.7,bad
0.041,9.9,bad
0.043,15.4,bad
0.044,16,bad
0.044,16,bad
0.044,16,bad
0.044,16,bad
0.027,2.4,good
0.054,5.5,bad
0.04,2.3,bad
0.04,16.8,bad
0.044,16,bad
0.059,17.8,bad
0.059,17.8,bad
0.049,6.8,bad
0.049,6.8,bad
0.049,6.8,bad
0.049,6.8,bad
0.046,1.6,bad
0.03,4.7,bad
0.048,11.8,bad
0.059,17.8,bad
0.045,15.7,bad
0.041,5.8,bad
0.045,15.7,bad
0.046,9,bad
0.045,15.7,bad
0.041,5.8,bad
0.037,8.8,bad
0.038,10.2,bad
0.208,6.6,bad
0.209,6.5,bad
0.105,8.9,bad
0.034,11.1,bad
0.043,4.2,bad
0.044,1.6,bad
0.044,7.4,bad
0.05,11.5,bad
0.039,1.6,good
0.036,2,bad
0.038,4.8,bad
0.054,9.8,bad
0.046,1.9,bad
0.043,4.2,bad
0.04,1.6,bad
0.035,7.3,good
0.035,5.4,good
0.086,10.4,bad
0.038,1.9,good
0.035,7.3,good
0.035,5.4,good
0.056,7.7,bad
0.036,11.5,bad
0.042,1.2,good
0.037,2.2,bad
0.043,1,bad
0.054,8.2,bad
0.052,8.3,bad
0.054,8.2,bad
0.043,9.3,bad
0.054,8.1,bad
0.054,8.2,bad
0.052,8.3,bad
0.057,13.9,good
0.057,13.9,good
0.057,13.9,good
0.057,13.9,good
0.057,13.9,good
0.057,13.9,good
0.057,13.9,good
0.044,2,good
0.057,13.9,good
0.054,15.7,bad
0.052,1.2,bad
0.024,1.5,bad
0.176,1.2,bad
0.034,3.2,bad
0.176,1.2,bad
0.034,2.6,good
0.042,13.2,bad
0.108,10.4,bad
0.015,5.7,bad
0.039,2.5,bad
0.054,1.6,bad
0.064,1.4,bad
0.049,7.4,bad
0.039,2.5,bad
0.046,5.6,bad
0.04,3.6,bad
0.05,7.5,bad
0.062,5.8,bad
0.054,1.6,bad
0.039,1.5,bad
0.039,2.9,bad
0.048,11.2,bad
0.041,9.65,bad
0.063,10.1,bad
0.035,3.2,bad
0.048,11.2,bad
0.041,11.45,bad
0.041,9.65,bad
0.096,4.5,bad
0.053,2.7,bad
0.038,3.5,bad
0.043,1.7,bad
0.051,2.1,bad
0.041,4.8,bad
0.042,5,bad
0.035,2.6,bad
0.041,6.6,bad
0.042,5,bad
0.05,7.3,bad
0.058,5,bad
0.041,1.7,bad
0.035,2.6,bad
0.05,8.2,bad
0.05,8.2,bad
0.043,5,bad
0.039,1.2,bad
0.036,7.1,bad
0.04,9.5,bad
0.057,15.8,bad
0.048,15.5,bad
0.057,15.8,bad
0.047,17.05,bad
0.046,12.7,bad
0.051,12.3,bad
0.053,11.8,bad
0.053,11.8,bad
0.053,11.8,bad
0.051,12.3,bad
0.053,11.8,bad
0.041,13.6,bad
0.043,5.2,bad
0.066,6.2,bad
0.044,7.9,bad
0.044,7.9,bad
0.037,3.3,good
0.046,2.8,bad
0.044,7.9,bad
0.037,3.3,good
0.069,6.3,bad
0.039,4.9,good
0.041,10.4,good
0.039,4.9,good
0.041,10.4,good
0.061,16,bad
0.069,6.3,bad
0.04,2.2,bad
0.047,17.3,bad
0.047,17.3,bad
0.047,17.3,bad
0.047,17.3,bad
0.04,2.2,bad
0.04,2.2,bad
0.047,17.3,bad
0.045,6.6,bad
0.047,6.5,bad
0.044,12.3,bad
0.038,5,bad
0.042,2.8,bad
0.051,13.6,bad
0.043,2.8,bad
0.03,5.4,bad
0.06,10.9,bad
0.045,1.7,bad
0.051,9.15,bad
0.051,4.5,bad
0.051,9.15,bad
0.046,1.4,bad
0.048,5.9,bad
0.051,16.4,bad
0.033,1.2,bad
0.051,16.4,bad
0.048,5.9,bad
0.031,7.8,bad
0.031,7.8,bad
0.024,2.8,bad
0.035,2.9,bad
0.045,2.5,bad
0.039,12.8,bad
0.04,12.2,bad
0.049,7.7,bad
0.048,2.8,bad
0.035,2.9,bad
0.051,17.3,bad
0.051,19.3,bad
0.051,19.3,bad
0.051,19.3,bad
0.045,2.7,good
0.041,6.4,bad
0.051,17.3,bad
0.044,2.4,bad
0.038,2.8,bad
0.031,1.7,bad
0.053,15.4,bad
0.053,15.4,bad
0.051,4.1,bad
0.054,6.6,bad
0.051,1.2,bad
0.042,2.1,bad
0.042,1,bad
0.039,1.1,bad
0.039,1.4,bad
0.271,1.6,bad
0.049,9.8,bad
0.036,1.9,bad
0.034,1.3,bad
0.05,7.9,bad
0.05,7.9,bad
0.053,4.5,bad
0.12,22.6,bad
0.05,7.9,bad
0.037,3.5,bad
0.058,1.2,bad
0.053,4.5,bad
0.033,2,bad
0.05,7.8,bad
0.045,0.9,bad
0.03,2.9,bad
0.03,2.9,bad
0.033,3.5,bad
0.038,4.2,bad
0.032,9.7,bad
0.043,10.5,bad
0.046,1.1,bad
0.053,16.1,bad
0.046,1.1,bad
0.212,8.1,bad
0.052,6.2,bad
0.053,7.7,bad
0.053,2.4,bad
0.055,16.3,bad
0.05,2.3,bad
0.041,8.4,good
0.051,8.5,bad
0.051,6,bad
0.044,1.1,bad
0.036,1.75,bad
0.034,2.6,bad
0.061,1.3,bad
0.047,2.1,bad
0.034,1.1,bad
0.034,1.1,bad
0.044,2.8,bad
0.051,9,bad
0.039,2.8,bad
0.036,2.2,bad
0.049,5.1,bad
0.049,3.5,bad
0.058,12.7,bad
0.052,7.5,bad
0.048,2,bad
0.049,3.5,bad
0.048,14.3,bad
0.049,9.8,bad
0.058,12.7,bad
0.058,12.7,bad
0.049,5.1,bad
0.068,3.5,bad
0.047,12.7,bad
0.049,12.9,bad
0.049,12.9,bad
0.056,1.3,bad
0.049,10.5,bad
0.04,1.5,bad
0.047,12.7,bad
0.049,12.9,bad
0.049,1.2,bad
0.032,6.2,bad
0.026,8.8,bad
0.026,3.9,bad
0.025,1.3,bad
0.037,9.1,bad
0.037,9.1,bad
0.026,3.9,bad
0.021,1.8,bad
0.033,2.1,bad
0.022,1.4,bad
0.047,14.7,bad
0.037,9.1,bad
0.047,1.9,bad
0.048,1.8,bad
0.027,9.6,bad
0.026,3.9,bad
0.025,1.3,bad
0.094,11.8,bad
0.028,1.9,bad
0.042,12,bad
0.033,7.9,bad
0.04,9.3,good
0.022,4.6,bad
0.035,2.2,bad
0.028,10.2,good
0.03,10.6,good
0.036,1.4,good
0.039,9.1,bad
0.03,11.1,bad
0.039,9.1,bad
0.055,4.4,bad
0.05,2.8,bad
0.029,1.1,bad
0.027,1.3,good
0.024,1.2,good
0.026,3.3,bad
0.03,9.7,good
0.034,2.3,good
0.036,1.1,bad
0.05,11.4,bad
0.042,1.2,good
0.045,14.7,bad
0.047,13.8,bad
0.038,1.3,bad
0.048,6.3,bad
0.05,7.9,bad
0.042,2,bad
0.03,11.8,bad
0.029,1.2,bad
0.035,10,bad
0.05,5.2,bad
0.029,1.2,bad
0.041,7.2,bad
0.042,9.9,bad
0.036,5.3,bad
0.053,13.55,bad
0.035,2.2,bad
0.037,9.9,bad
0.069,4.3,bad
0.033,13,bad
0.053,13.55,bad
0.027,1,good
0.043,1.1,bad
0.03,6.9,bad
0.044,13.4,bad
0.032,4.6,bad
0.037,9.9,bad
0.036,3,bad
0.04,5.8,bad
0.033,12.9,bad
0.032,3.2,good
0.032,0.8,bad
0.03,2.5,bad
0.034,2.4,bad
0.041,7.2,bad
0.04,7.3,bad
0.094,6.3,bad
0.032,4.25,good
0.039,1.2,bad
0.036,2,good
0.032,4.25,good
0.06,4.7,bad
0.038,4.5,bad
0.047,1.4,good
0.036,4.1,good
0.038,5.3,bad
0.032,4.2,bad
0.034,6.65,bad
0.034,8.2,bad
0.041,2.6,bad
0.041,2.6,bad
0.041,2,good
0.041,12.2,good
0.041,2.3,good
0.034,8.2,bad
0.043,5,bad
0.038,10.7,bad
0.033,10.8,bad
0.048,1.7,bad
0.036,1.3,bad
0.048,1.7,bad
0.049,12.7,bad
0.036,1.3,bad
0.035,1.2,bad
0.03,1.3,good
0.043,5.7,bad
0.035,3.4,bad
0.034,1.1,good
0.037,1,good
0.042,1,good
0.117,1.65,bad
0.042,6.8,bad
0.042,6.8,bad
0.033,4.9,good
0.051,1.4,bad
0.035,2.5,good
0.048,10.8,good
0.048,10.8,good
0.048,10.8,good
0.048,10.8,good
0.036,2.8,bad
0.04,1.3,bad
0.027,2,bad
0.048,1.1,bad
0.028,8.2,bad
0.036,6,good
0.034,6.1,good
0.028,8.2,bad
0.057,8.8,bad
0.034,6.1,good
0.036,6,good
0.049,1.2,bad
0.035,11.4,bad
0.036,1.3,bad
0.036,1.3,bad
0.028,6.2,good
0.034,3.2,good
0.04,4.5,bad
0.045,9.9,bad
0.028,6.2,good
0.035,11.4,bad
0.036,1.3,bad
0.058,1.3,bad
0.025,0.9,bad
0.027,0.7,bad
0.041,1,bad
0.036,1,bad
0.062,10.4,bad
0.058,1.3,bad
0.035,12.5,bad
0.035,12.5,bad
0.035,12.5,bad
0.035,12.5,bad
0.043,19.25,good
0.053,1.1,bad
0.035,12.5,bad
0.043,19.25,good
0.032,9,good
0.03,1.2,bad
0.032,9,good
0.173,1.3,bad
0.041,12.8,bad
0.041,12.8,bad
0.044,7.6,bad
0.044,7.6,bad
0.037,1.4,good
0.053,8.3,bad
0.053,9,bad
0.031,1.85,good
0.051,12.55,bad
0.034,1.4,bad
0.033,1.8,bad
0.03,4,good
0.051,12.55,bad
0.053,9,bad
0.04,3,bad
0.031,1.85,good
0.034,7.9,bad
0.033,2.6,bad
0.074,1.2,bad
0.043,7.1,bad
0.034,7.9,bad
0.044,1.3,bad
0.036,10.7,bad
0.053,7.7,bad
0.05,8.4,bad
0.036,10.7,bad
0.038,12.7,bad
0.035,1.8,bad
0.053,7.7,bad
0.035,10.5,bad
0.05,1.6,bad
0.048,1.85,bad
0.031,10.5,bad
0.031,10.5,bad
0.03,1,bad
0.026,1.2,bad
0.042,1.7,bad
0.042,1.6,bad
0.031,9,good
0.029,1.9,bad
0.026,1.2,bad
0.05,1.5,bad
0.034,3.9,bad
0.035,3.6,bad
0.032,1.2,bad
0.043,5,bad
0.047,2.9,bad
0.043,10.4,bad
0.029,11.4,bad
0.05,18.35,bad
0.051,18.4,bad
0.032,1.2,bad
0.033,7.1,bad
0.035,1.3,good
0.032,1.5,bad
0.043,10.2,bad
0.027,2.2,bad
0.035,3.5,good
0.035,3.5,good
0.04,3.9,bad
0.052,7.4,bad
0.052,7.4,bad
0.035,11,bad
0.037,1.5,good
0.031,3.9,good
0.046,5.4,bad
0.038,1.5,good
0.055,5,good
0.052,1.2,good
0.047,13,bad
0.047,13,bad
0.047,13,bad
0.047,13,bad
0.057,8.6,bad
0.048,1.7,good
0.045,1.2,bad
0.076,1.2,bad
0.076,1.2,bad
0.034,2,bad
0.031,19.4,bad
0.037,0.8,bad
0.042,6.3,bad
0.043,6.4,bad
0.045,12.1,bad
0.045,12.1,bad
0.045,12.9,bad
0.038,2.4,good
0.03,4.3,good
0.03,4.2,good
0.045,12.9,bad
0.037,1.7,bad
0.036,2.2,bad
0.045,12.1,bad
0.036,3.4,bad
0.175,7.4,bad
0.174,7.3,bad
0.035,1.1,good
0.035,1.1,good
0.043,1.4,bad
0.042,14.5,bad
0.047,8,bad
0.039,1.1,good
0.035,1.1,good
0.037,2.2,good
0.038,5.8,good
0.033,0.9,bad
0.034,6.4,bad
0.051,10.9,bad
0.039,7.3,bad
0.053,8.3,bad
0.053,1.3,bad
0.054,3.3,bad
0.075,1,bad
0.027,1.1,good
0.127,1,bad
0.026,5.1,bad
0.041,3.2,good
0.032,12.6,bad
0.031,3.7,bad
0.021,1.7,bad
0.026,5.1,bad
0.127,1,bad
0.043,1.3,bad
0.036,1.5,bad
0.054,4.6,good
0.042,10.3,bad
0.046,6.1,bad
0.046,6.1,bad
0.036,1.2,bad
0.042,10.3,bad
0.032,9.9,good
0.062,1.6,bad
0.058,1.1,bad
0.057,1.5,bad
0.031,1.2,bad
0.033,1.5,good
0.035,1.1,bad
0.096,11.5,bad
0.031,7.8,bad
0.038,7.4,bad
0.038,1.45,bad
0.029,8.9,good
0.05,1.1,bad
0.043,1,bad
0.046,2.5,bad
0.044,1.1,bad
0.136,2.4,bad
0.048,2.3,bad
0.038,5.1,good
0.048,2.5,bad
0.055,8.9,bad
0.048,2.5,bad
0.055,8.9,bad
0.044,1.6,bad
0.047,1.4,bad
0.041,3.9,bad
0.058,13.7,bad
0.058,13.7,bad
0.043,9.2,bad
0.055,7.8,bad
0.045,7.6,bad
0.046,7.7,bad
0.027,3,bad
0.052,1.3,bad
0.036,4,good
0.066,1.1,bad
0.046,2,bad
0.048,1.9,bad
0.031,1.4,bad
0.046,4.5,bad
0.032,10.1,bad
0.021,6.6,good
0.015,1.9,bad
0.032,12.4,bad
0.03,1.6,bad
0.048,2.5,bad
0.035,1.2,bad
0.038,2.5,good
0.032,0.8,bad
0.035,0.9,bad
0.046,8.1,bad
0.046,8.1,bad
0.03,11.75,bad
0.037,1.3,bad
0.035,1.9,bad
0.048,8.3,bad
0.046,8.1,bad
0.028,5.7,good
0.023,1.9,good
0.052,1.2,bad
0.03,11.75,bad
0.036,2.2,bad
0.038,0.9,bad
0.032,1.3,bad
0.039,1.6,bad
0.047,8,bad
0.041,1.2,bad
0.022,1.1,good
0.02,0.8,bad
